commit_frequency,code_churn,pr_cycle_time_hours,contributor_count,sprint_velocity_ratio,avg_task_aging_days,backlog_growth_rate,messages_per_day,active_users,sentiment_score,velocity_drop_flag,burnout_flag,silo_flag,aging_flag,anomaly_type
0.5921743587546764,0.704161743403613,0.35297669330527964,0.6713419533371815,0.7546359831349405,0.9315667222547646,0.5109432353938437,0.3697027176072135,0.40759566189944435,0.0,0,1,1,0,Pattern3
0.0,0.1306252566895006,0.006682025828746219,0.016811563898822823,0.12256818252420618,0.1634452521939723,0.09076463300327406,0.0,0.031590196883465,0.0,0,0,0,0,Pattern1
0.5930905721391435,0.36977489511411465,0.4954252480041175,0.21234836860518747,1.0,1.0,0.5782864553676093,0.33389863334764686,0.7986818552333079,0.002776925979197771,0,0,0,1,Pattern3
0.8472744911668894,1.0,1.0,0.9269565949778966,0.8794718188773297,0.8808102099207055,0.8382975352661987,0.916366215719884,0.9639143094358164,0.8471354434586433,1,1,1,1,Pattern2
0.0,0.16581564518394523,0.09994733491342633,0.0,0.0703562803457887,0.09259593459256146,0.0,0.037017609857738214,0.0,0.22180873767447537,0,0,0,0,Pattern1
0.6418926617305633,0.8576962560301779,0.6702205607429651,0.21981326006145363,0.4093287211415483,0.07067421501068183,0.4477749544543368,0.8640465844073556,0.6411748770255931,0.6846134823456947,0,1,1,1,Pattern4
0.8019095100292501,0.944759244239992,0.8392700162272884,0.21501434487692683,0.23402733193435543,0.7384795025259759,0.2852243246025541,0.6639393895355853,0.47424840202204877,0.39430753339999935,1,0,1,0,Pattern4
0.0,0.0,0.018604946028245528,0.0,0.007350763321320135,0.0,0.0,0.0015440855676214756,0.012257423814026974,0.25879447046193765,0,0,0,0,Pattern1
0.14100376213661706,0.14582530073462857,0.056483902738431506,0.0,0.05498048500337112,0.04190968663219308,0.1352820532231762,0.07115921107741321,0.0,0.0,0,0,0,0,Pattern1
0.9053810216094267,0.627298616555844,0.34041604772779976,0.997386998822311,0.589944335302234,0.5453908848379364,0.08661649360239188,0.9837924070467716,0.24185358527992307,0.5544597326576305,1,0,0,1,Pattern4
0.10781168322906283,0.006592089411681061,0.08266962813945966,0.0,0.15001162458762904,0.06667266183794404,0.07040573576868886,0.07836628681532008,0.023995129898086213,0.05577214894841297,0,0,0,0,Pattern1
1.0,0.9068411287176048,0.7414556238582515,0.9005866762366613,0.6443742279891471,1.0,1.0,0.8571541620936541,0.7365659860786673,1.0,1,1,1,1,Pattern2
0.5110883991489764,0.7622991405061087,0.3904520642044145,0.19442550670447056,0.9682418706022871,0.9718535021798955,0.1987592543679665,0.5789746044694961,0.9812807841245245,0.7895889881476289,0,1,0,0,Pattern4
0.0,0.0,0.14046797145425072,0.0,0.0,0.0774456391970596,0.09433101340003454,0.0,0.13186151543549882,0.0731595060513807,0,0,0,0,Pattern1
0.2773254740045654,0.6297178550271338,0.6243184378727377,0.5065338782726596,0.9098691387235062,0.9516680906685777,0.7037306327218154,0.49321005884943886,0.39967024113198957,0.055119457430295914,1,1,1,1,Pattern3
0.7667539601218043,0.7149322644902147,0.24315181852673262,0.2470163026085731,0.23065705427353544,0.056785075229108695,0.8504930259267015,0.09383935424860157,0.3513739339695048,0.28678046283924985,0,1,1,0,Pattern4
0.7283914907554092,0.3097533673121613,0.02334228936811711,0.3837680572334211,0.2774938519186869,0.25563295254439167,0.6714329905102911,0.8914621032760269,0.8799132615669745,0.6437000875671797,1,1,0,0,Pattern4
0.10717347677307618,0.0,0.0,0.11326372991396016,0.02419824838806871,0.047357195562613516,0.0,0.0,0.0,0.16454510105920056,0,0,0,0,Pattern1
0.44764277020412635,0.5876772755716076,0.6466391770783105,0.4929765263032462,1.0,0.9484712872786638,0.5196511085998623,0.2766084814770846,0.4549940952407346,0.0,1,0,1,0,Pattern3
0.03343252128712326,0.8252684904111766,0.02499869169594493,0.08226250703695681,0.32622690447386704,0.8965532959545591,0.7098694263525785,0.7300859380163096,0.09485301263329404,0.9503933842399193,0,0,1,0,Pattern4
0.03234058035382381,0.6414915526219601,0.0982897456888554,0.5696803952964613,0.07840356685616656,0.045904212435612046,0.05726354874003692,0.12529633560755116,0.9407270491476235,0.3496322233761123,1,0,0,1,Pattern4
0.8159337307936397,0.39959825444604835,0.4429119555277148,0.6684326964049979,0.19477583988501201,0.4592719011630221,0.4229827270128059,0.9438948453252446,0.024287337818501453,0.5142370335240811,0,1,0,0,Pattern4
0.36431284954868326,0.6764064505458259,0.6425496209682735,0.3321575002365873,0.8985214609609719,1.0,0.6785566061368824,0.5671558115628405,0.4651763712224872,0.0,0,1,1,0,Pattern3
0.13235044149113406,0.5681652764553462,0.3287227107512165,0.33542017386059225,0.8549897673131521,0.9942604057278863,0.6152734617442839,0.5232623137651041,0.745015598717122,0.02132304353988384,0,0,1,0,Pattern3
0.09819207244832416,0.08170291838387203,0.20379039194228987,0.21360628570387288,0.03532168214942067,0.0,0.0,0.14703690925296764,0.0,0.0742497282367979,0,0,0,0,Pattern1
0.08572226550256079,0.295436156987387,0.9195568737646322,0.6943267233535371,0.4141019762553566,0.38546745382026304,0.368784336530698,0.2487656196710647,0.40468948351243006,0.7599967921963006,1,1,0,0,Pattern4
0.02912592991985763,0.2026952280599995,0.7753163913038051,0.6277811593504282,0.1295351917223979,0.2002306816634698,0.09861830819082307,0.8621645675717514,0.3598881515501927,0.47943035461461736,0,1,0,0,Pattern4
1.0,0.8930966816375634,0.559750688761535,0.8286639481137907,0.9161426673392096,0.9757198165587901,0.8179183903111849,0.7385038341509191,0.9425676488245657,0.8188340982112475,1,1,1,1,Pattern2
0.03738543282446998,0.0,0.0,0.0,0.09654982810043444,0.07331220189090742,0.22398986374157942,0.06170611544733043,0.0,0.02977747242867914,0,0,0,0,Pattern1
0.5833455710973261,0.34178392837490823,0.6931599399711513,0.5061940400618321,0.8230706720920846,0.9988814744158176,0.21047169433056467,0.3564249134899833,0.8841506533606281,0.0,0,0,1,1,Pattern3
0.38558137347798327,0.003897820198653701,0.21529130741769154,0.6176829362455123,0.024676688813313308,0.28360603951110763,0.1703761187479489,0.056345283603778995,0.01899220605384533,0.1907100376281261,1,1,1,0,Pattern4
0.5071009024715787,0.31244956618500697,0.35658099104588475,0.6965187104960113,0.7308147454768499,1.0,0.5209683490119863,0.2101236368149641,0.4029199578803775,0.0,1,0,1,0,Pattern3
0.690579332850706,0.22129440215113483,0.42497809357367033,0.6027132310250701,0.9488584737168286,0.07779476304758659,0.11920328803307711,0.3458704657892544,0.8687774731439624,0.892870629382345,0,1,1,1,Pattern4
1.0,1.0,1.0,0.9385828324454242,1.0,0.9157993048213598,1.0,0.8654982253140986,0.7255683935457415,1.0,1,1,1,1,Pattern2
0.11802901048409017,0.0,0.09928550105211678,0.0451265387231368,0.023862165615024515,0.0,0.0,0.07786478874338522,0.0,0.08309903600281887,0,0,0,0,Pattern1
0.49018055012244416,0.4482831107324272,0.4373092836224999,0.5280888941919715,0.8085492305903456,1.0,0.39872471675790866,0.576083718967212,0.5622102320838311,0.08104264009996212,1,0,0,1,Pattern3
0.21081897226662083,0.07272274052663863,0.578781548502911,0.5145530961452639,0.6576776455622942,0.29307014292350975,0.7076834904944108,0.6688085658441492,0.19850985213489014,0.12501893781672935,0,0,1,0,Pattern4
0.13692004974543434,0.0,0.038233466364626996,0.0045007827393873795,0.0,0.10002112960033209,0.20021290530402286,0.006996764384016838,0.0,0.0,0,0,0,0,Pattern1
1.0,0.8445662361835454,0.827489738392154,1.0,0.9829075305605314,0.848222163208566,0.9525527278780321,0.810254838125693,1.0,0.8818268166198964,1,1,1,1,Pattern2
0.0,0.04974581046836522,0.07719277396374383,0.13272713754676355,0.04140456847579167,0.05369669228067566,0.08064287808542933,0.0,0.0,0.0015208057883128595,0,0,0,0,Pattern1
0.16892371734159284,0.6971593743548409,0.6652325049508274,0.03102344953713021,0.5157539841157766,0.18906432286416286,0.9897630925627238,0.031751235559097535,0.39339478036982356,0.1792213327612172,1,1,0,0,Pattern4
0.0698901117965771,0.05482574779825619,0.027635510732226455,0.25369045962283815,0.025283213421588263,0.12131639450554438,0.0697432082483055,0.0,0.16462950807086063,0.06440545105467546,0,0,0,0,Pattern1
0.0816948156257935,0.9045288868212796,0.3799002133095195,0.5437030409919102,0.4923664000039878,0.8197216649705086,0.36645393118266,0.4224197786164968,0.6963030387222797,0.5994478875500595,1,0,0,1,Pattern4
0.9732945883130248,0.9799887960453162,0.8901492868488255,0.9911197967544427,0.7230776406552399,0.99119592540072,0.7821183533152749,0.7267594712385773,1.0,0.7292809841320386,1,1,1,1,Pattern2
0.00047194881479714623,0.0,0.1937450286181734,0.18640658645653832,0.042173294814535564,0.0,0.0838914582476207,0.04312463374973282,0.0,0.08412253893237229,0,0,0,0,Pattern1
0.004476248390533767,0.0,0.0,0.1774350770304986,0.08878431790455799,0.0,0.0,0.11181426597725704,0.0,0.0,0,0,0,0,Pattern1
0.1654044064905142,0.09260687624882973,0.008383894043759207,0.0,0.23761897997717532,0.12633488266048734,0.0,0.0,0.0,0.21550700137706252,0,0,0,0,Pattern1
0.0,0.0,0.06005055529667053,0.0,0.04075566492741179,0.11734673621162328,0.29985268360385586,0.040546525582019974,0.1015544922574915,0.10435807965999308,0,0,0,0,Pattern1
0.30280802057780853,0.9360442435068991,0.3189703208751884,0.24104252750361077,0.41034456928547136,0.5028516163865572,0.6831318918208958,0.14571251058480128,0.45518710373977644,0.43817116661298383,1,1,0,1,Pattern4
0.0,0.08104286346454254,0.0,0.0,0.0,0.18646451638613243,0.23626377198041737,0.0,0.0,0.0,0,0,0,0,Pattern1
0.0,0.07945166890849463,0.0,0.0,0.05366136456963675,0.0,0.0,0.0,0.03681526331665237,0.05788868885873358,0,0,0,0,Pattern1
0.9871700321881629,0.8321615547024519,0.8789847767315265,0.8029407529727934,0.8367776405060205,0.7285693393446169,0.9441116431804173,0.789422608610447,0.7247295411759189,0.7676596469341022,1,1,1,1,Pattern2
1.0,0.966535891701063,0.794732573944646,0.7695576998158703,0.6168021555556139,0.9280201470627836,0.7606697877916547,0.8519647879107713,0.9589904936707522,0.942403185828307,1,1,1,1,Pattern2
0.4742457326112368,0.9315251366171382,0.16342647734968363,0.08840489032351007,0.5304665216107637,0.17258103547171144,0.6179505866906744,0.665231324137444,0.7490652854515771,0.7366935838166078,1,1,0,1,Pattern4
0.8548399841023975,0.9366369287920729,0.9170676098548791,0.9139500920286051,0.9107900844867383,0.9302577217218623,0.9081194732524012,1.0,0.9300269876806914,1.0,1,1,1,1,Pattern2
0.0,0.04372686894926203,0.08411065067595815,0.061664788165012765,0.33438397535345316,0.0,0.14632738187328312,0.0,0.0,0.2708391754210365,0,0,0,0,Pattern1
1.0,0.8604904686126567,0.8920293361201875,0.8903094409611644,0.9580821631439844,1.0,0.8685696026679229,1.0,1.0,0.9443260646562772,1,1,1,1,Pattern2
0.0,0.02601980132724445,0.06154261984972173,0.2124878371402419,0.0,0.08473187497104183,0.14678158554094012,0.0481039902883319,0.13814835600061323,0.06884668564871818,0,0,0,0,Pattern1
1.0,0.9711583905129212,0.8953444259391085,0.9742045618770888,0.9766639264995859,0.8755121753324754,0.892078901425832,0.8581021909836075,0.9874026168834817,0.6178536557089866,1,1,1,1,Pattern2
0.0,0.0,0.02060293919062401,0.05914237176513858,0.10242178187694798,0.031565194235484983,0.05431654395658013,0.11387909814912295,0.16143130451375826,0.22296813493965378,0,0,0,0,Pattern1
0.8841715617474326,0.7356508553151785,0.9487993028842989,0.7523167001920699,0.6781532038055891,0.4407509493508066,0.2626605407041266,0.11927549279885596,0.8387469102131448,0.5504325860154549,1,1,0,0,Pattern4
0.6343335967340735,0.5062539328280852,0.42547321125344817,0.7587693087029688,1.0,1.0,0.579719050197224,0.7178784689394714,0.5134804044254775,0.09932604951778574,1,1,0,1,Pattern3
0.7458483878815709,0.6818891991856365,0.7427016400958386,0.23820227894647705,0.8377255440027517,1.0,0.5165608731884139,0.477371151816261,0.7603330389842702,0.0,1,1,1,1,Pattern3
0.33377002365900077,0.4295776236904837,0.3992492834217256,0.5911200206184991,0.7685418321366451,0.7403233286670059,0.9819019110919975,0.3732858236797293,0.9388444140434822,0.6216577422697993,1,1,1,1,Pattern4
0.04919745477451126,0.0,0.0,0.01542671723353338,0.0,0.11206698246454341,0.045020491460765186,0.0,0.0,0.069206390693038,0,0,0,0,Pattern1
0.0,0.0,0.040641595801591934,0.1054594937307364,0.0,0.025519083639352874,0.10739769620281919,0.02360841672950061,0.11419886994286783,0.1297345855148484,0,0,0,0,Pattern1
0.4809218157729218,0.3950049930898669,0.9865732385230432,0.9900912873977663,0.9690912441376963,0.7801654292071205,0.6885100690969073,0.3440546013272494,0.3992157293149986,0.6488737987223467,0,0,1,0,Pattern4
0.0,0.17776842590351094,0.0,0.06682406054824369,0.0,0.0,0.061942504462295586,0.08843914203167975,0.0,0.08893994529712243,0,0,0,0,Pattern1
0.9013609795077658,1.0,1.0,0.9051692159798337,0.9026135210012682,1.0,0.9986757368954899,0.8864775181266921,0.8548085314336582,0.9324683782141876,1,1,1,1,Pattern2
0.7094248404230651,0.363590917907579,0.28119638460276875,0.09529537146878342,0.8492785046330699,0.2968368547114457,0.6447750318579024,0.12077742193583463,0.46761859766686076,0.6062762490866757,1,1,0,0,Pattern4
0.36240501534200936,0.5690923843042592,0.5904981489529073,0.3744267892191503,1.0,0.9797270490096103,0.48351194805235886,0.4757181537797548,0.30246786517563906,0.0,1,0,1,0,Pattern3
0.45575520183163676,0.7116404899389441,0.4750213665886154,0.7311599133814607,0.9568952176585267,1.0,0.6229965875710979,0.502393704362273,0.41130483251341543,0.0,0,0,1,0,Pattern3
0.6351659066739361,0.6987055643333311,0.4331130688964113,0.35797810572189986,1.0,0.8796790518647892,0.4648206677491723,0.49831540616932657,0.2957491855020145,0.342825977998567,0,1,1,1,Pattern3
0.5971570935590801,0.5326595714448248,0.6252995210439102,0.6017570577365381,0.9397924697678917,0.8355494900516907,0.6469675503372219,0.3129587821821732,0.5782008637621068,0.0,0,1,0,0,Pattern3
0.373100102980454,0.2512356357322809,0.6628307526773827,0.7130493395848834,0.8520038728102322,0.8593584023098492,0.37679388489336474,0.39155600916124467,0.3840448121699197,0.1389692868318484,0,0,0,1,Pattern3
0.47141240931263706,0.215186648701699,0.561133938359299,0.2761414785541011,1.0,0.8832616145067516,0.6483170239958946,0.4976967769093542,0.3704928418425941,0.0,0,1,0,0,Pattern3
0.8196648749241772,0.38945317477322655,0.4678526524951422,0.46041339516543106,1.0,0.9522748651966925,0.5638532835611718,0.3859526918086041,0.4896226939280916,0.05786923452732927,1,1,1,0,Pattern3
0.00618513860028037,0.14984248407780618,0.04730232690975455,0.0,0.3192426702732299,0.0,0.0,0.07719298983918768,0.0,0.0,0,0,0,0,Pattern1
0.4798955093569677,0.3636346557402794,0.7110306018889709,0.01755173149727307,0.6068515422579691,0.07218542215426615,0.09048503572219735,0.6758488481381449,0.7236200996337885,0.569284024215028,1,0,0,1,Pattern4
0.07934318609454394,0.9020234646773111,0.3278709275963093,0.4901676574080235,0.8852355694797771,0.648990478893458,0.8730680485648692,0.10111916195052384,0.936350289511847,0.8500995753857161,1,1,0,0,Pattern4
1.0,0.9788159330610846,0.8204825973820898,0.857314310156805,0.8150738987928836,0.9807016751443817,0.7803670524605189,0.7580644515500714,0.9249968203455058,0.8175419254434858,1,1,1,1,Pattern2
0.18253836698039144,0.06573371933917826,0.0,0.019626452727295657,0.0,0.003753436680306463,0.015316425426324175,0.041701596390407825,0.0,0.060265254959327406,0,0,0,0,Pattern1
0.7888474250711452,0.736309985609447,0.7284706657087272,0.11433402323969588,0.10200199578698943,0.08587504597187046,0.1008190592965067,0.352127256856806,0.3349314087008006,0.5434842432961765,0,0,1,0,Pattern4
1.0,0.9488072894246694,1.0,0.8713599187463014,1.0,1.0,0.6856311818078725,0.8550489736854928,0.8981030388341179,1.0,1,1,1,1,Pattern2
0.2535743376957991,0.41459179429297044,0.42518081774629723,0.5695861837357985,0.936268651033964,1.0,0.7695183836313891,0.5835802472577883,0.38649315732703565,0.09706424963731548,1,1,1,0,Pattern3
0.0,0.06692621451641612,0.00770621850860969,0.0,0.01997122891527313,0.0,0.0,0.0,0.0,0.0,0,0,0,0,Pattern1
0.9642510141185502,1.0,1.0,0.9785977184797681,0.8642037072344768,0.882084546219693,0.8930974658286189,1.0,0.9526820465377366,0.8569393185343815,1,1,1,1,Pattern2
0.7177481856964852,0.8714015793509615,0.4820616039731399,0.9408546962444204,0.32624781449835705,0.7603564413893703,0.2526268251014998,0.18833994790913045,0.37402541684414536,0.39791184998755225,1,0,1,0,Pattern4
0.5182545598245187,0.34400691713621134,0.2160183166653739,0.4030091487940956,1.0,1.0,0.1788091677772549,0.5447755470770123,0.4568676995784754,0.03066436269522517,1,0,0,1,Pattern3
0.602869462620852,0.5255471148612019,0.5086483662033192,0.6293928246601322,0.9813699748377089,1.0,0.41604601340163233,0.25804170762659456,0.4058833987148133,0.1552574267441885,1,0,1,0,Pattern3
0.2523708421628016,0.08874317093099993,0.0788220834706942,0.3805596695416468,0.0991264673823592,0.9914189088790882,0.7977874430715659,0.9112630164582248,0.026034615591735033,0.6391526960338351,0,1,1,1,Pattern4
0.27346821836206314,0.3044496434006916,0.10672838418154673,0.8868817372861346,0.022179471472197676,0.8045095997672481,0.22663775306356326,0.3928414452663215,0.8130793626399918,0.2451828184348137,1,0,0,0,Pattern4
0.35340143180857503,0.40048315851649247,0.47190497296098827,0.6427311398495703,0.7286646665609633,1.0,0.6150185363438978,0.6078930922776191,0.43543470168370413,0.0,0,0,0,1,Pattern3
0.21955024936687711,0.6783046092278194,0.5676429613434955,0.7798628181522146,0.9678090867086786,0.8983282590533381,0.21094829687154076,0.41135662599112,0.41896428865504287,0.09250159652931265,1,0,0,1,Pattern3
0.5631308343547456,0.2176495437138941,0.6735606606052081,0.4854298694922772,0.9736078515538388,0.38205760446079373,0.90020500909991,0.21688749428970888,0.1903511650705092,0.6353347887722877,0,0,0,0,Pattern4
0.37451678145042455,0.5407002407064765,0.611776237871857,0.7473217540737127,1.0,0.9086255343759944,0.6699780562723068,0.27249905022677223,0.5655355598476077,0.0,0,1,0,0,Pattern3
0.20450139951349458,0.2699837469303397,0.0,0.21853360349114398,0.12531604928763862,0.13407342373332562,0.014778153068780636,0.10485925087806237,0.17141155557976623,0.08978384500656178,0,0,0,0,Pattern1
0.1821219411977317,0.0014776583093521478,0.10182949196092128,0.07263818380208109,0.02245131165774889,0.0,0.0809174583667736,0.030045817347441155,0.17199526911143684,0.12266131806792076,0,0,0,0,Pattern1
0.08651067285383529,0.3982100193824962,0.19316633751675272,0.6565102316270581,0.605364585888118,0.4006027878177191,0.8847969430790128,0.39194037798287373,0.23545342648139944,0.8320766926001133,0,1,1,0,Pattern4
0.006888607781222841,0.04873549100526241,0.0,0.02952262510448873,0.0,0.08146050124952336,0.0,0.08674816599476953,0.0,0.04941882800609961,0,0,0,0,Pattern1
0.9815188343174008,0.9118838189186892,1.0,0.9442410899853465,0.8201683569037005,0.7966031683355026,0.9458342914221118,0.8874135385395965,0.7425236453968062,0.8278289783568212,1,1,1,1,Pattern2
0.11799066628245203,0.948061687243358,0.4195802763183436,0.6058151090221984,0.43964754684951424,0.5745327061069386,0.5301706728161434,0.8837718948738738,0.6526546182842466,0.6265327245641978,1,1,1,1,Pattern4
0.0,0.21896538636397356,0.08260707429577441,0.1551850291074343,0.0,0.0,0.0,0.0,0.045881533531479904,0.15331649328505853,0,0,0,0,Pattern1
0.532790098752791,0.31530938168651823,0.33070123701675014,0.591937892202046,0.9052330189108679,0.8565467471675917,0.5999697473464827,0.5151763080367338,0.6844908042857152,0.0,1,1,1,0,Pattern3
0.600893114995014,0.5004806049204957,0.42375032791338624,0.31150009658566785,0.8792780686007766,1.0,0.3956114387632756,0.2792513779599175,0.28877162655502703,0.026876291437048956,0,0,0,1,Pattern3
0.0,0.0,0.04072771738699188,0.0,0.13746244363942456,0.05158755554232308,0.04746807451979312,0.0,0.0,0.1247229726443222,0,0,0,0,Pattern1
0.4749579772340806,0.3160462366916964,0.5092971551996993,0.6284073352046018,0.971608481903316,1.0,0.577394588626714,0.38708810597999393,0.3030630603211712,0.05845798575674701,0,0,1,0,Pattern3
0.9753604617396818,0.8244334434752982,0.9178585645489835,0.9925623047713064,1.0,0.7716416206528064,0.9897341477974531,0.9919510737418694,0.7281340652397172,0.9224782883864111,1,1,1,1,Pattern2
0.2964348423865574,0.6843319502846726,0.45520506235761693,0.5342545966027797,0.7945596908472792,1.0,0.26675165832144376,0.4953349648941416,0.5134744072262194,0.13207440068875162,1,0,1,1,Pattern3
0.9064840593793021,1.0,1.0,0.7316000876933467,0.7805490170170092,1.0,0.9915902836874149,0.93549528896135,0.8051970847032236,0.8979849903485853,1,1,1,1,Pattern2
1.0,0.961817904559791,0.810726279543801,0.8318292926801398,0.9677254864989598,1.0,1.0,0.6390218660787136,0.7759313069317775,0.9241101892222654,1,1,1,1,Pattern2
0.5559238871352924,0.2441145516857629,0.4588400040324472,0.2053711646117683,0.6176709526149109,0.9037796790333443,0.7835090992680896,0.11112872969159127,0.5257214393257771,0.9681450896807919,1,0,1,1,Pattern4
0.4726344200591393,0.46224834203729037,0.3356819596590595,0.6666579530913581,0.8987297377144874,0.7520735819195865,0.5104912881030129,0.784844409700325,0.5303835573846497,0.0,0,0,1,0,Pattern3
0.11449101497263511,0.0,0.07904102497269136,0.1874315965114705,0.0,0.09683265149880665,0.0,0.0,0.03813976102573029,0.0,0,0,0,0,Pattern1
0.7448536765934184,0.35782297879284264,0.19076222729680037,0.7810534212472661,0.18917038920332663,0.800245488884233,0.6938913825110694,0.8106242525687936,0.402688179411855,0.476306759358458,0,1,0,1,Pattern4
0.36375435981718063,0.5817667627672407,0.5387087015231693,0.45833107541807017,0.6837075114678017,1.0,0.2702510311667341,0.6655066255671425,0.6302233647322288,0.04805030454445486,1,0,0,1,Pattern3
0.9416290043883812,0.9502360780963242,0.8092728533499145,0.8505541104811913,0.8565927114834526,0.693146134665315,0.7443964287067937,0.8003676782229684,0.8544076518369318,0.9319239410642056,1,1,1,1,Pattern2
0.9302870084468957,1.0,0.8206792734357484,0.8653909002411146,0.8258007296598058,1.0,0.9159858368175189,0.9844853213563471,0.9107659026156213,0.8133184533786868,1,1,1,1,Pattern2
0.0,0.0,0.0,0.0,0.0017913330595819565,0.0365317520683685,0.018467457683932237,0.01983356733288504,0.07891971359398146,0.13158517737139247,0,0,0,0,Pattern1
0.362248421536711,0.3241487459607467,0.0,0.046814129566750434,0.0,0.0,0.047852993462521275,0.0,0.0,0.0,0,0,0,0,Pattern1
1.0,0.9925941208071326,0.8969439901718727,1.0,0.8557141683661257,0.9258120632001966,0.9884906444325894,0.9608210221925871,1.0,0.8570413615485896,1,1,1,1,Pattern2
1.0,0.898046669823253,0.8851554921218245,0.8557639078300736,0.8264341269430532,0.7433080284786284,0.9145261842840376,0.855045805877008,0.911411630126167,0.9540961936700479,1,1,1,1,Pattern2
0.5164313699578936,0.44247146438383467,0.6013902034437334,0.6524320008507584,0.8727106780832848,0.9680288910657382,0.465164269906641,0.5536309936287491,0.3143248987397906,0.017157457465786143,0,0,1,1,Pattern3
0.9460903251668731,0.8746436991317237,0.8993033580758439,0.9981810684704762,0.8895116130481064,1.0,0.9849016762289529,0.7164640412982474,0.8682171645923721,0.7659615458613225,1,1,1,1,Pattern2
0.9799141092847539,0.9895103498374105,1.0,0.8528661028018518,1.0,0.7554666652723953,1.0,0.8971006362312628,0.9081067616740748,0.9979738904831602,1,1,1,1,Pattern2
1.0,0.9172751426372243,1.0,1.0,0.9953772606312852,0.8324433575819166,0.7210711204087297,0.9368197938029733,0.8152541310395773,0.8499236024015254,1,1,1,1,Pattern2
0.7443012146109687,0.4399148258146709,0.25027555932601997,0.27951199335208654,0.4189526524213667,0.7102908778968146,0.7451489291855862,0.9742718973457865,0.6198038707811757,0.4622955742144713,1,0,0,1,Pattern4
1.0,1.0,0.9768045656858185,0.9065678990495307,0.8265069027250992,0.7444429395793777,0.7561589859634613,1.0,0.8370601626208948,0.7118180226753812,1,1,1,1,Pattern2
1.0,1.0,1.0,0.892554560548551,0.8416165863705733,0.7844040548355224,1.0,0.8968576948688266,0.8890750392150233,0.5158039605227842,1,1,1,1,Pattern2
0.20105789045682237,0.37018062942395535,0.586267109940741,0.788061275900937,0.8670388525655346,1.0,0.469618009028681,0.4478672226465783,0.4051098748628915,0.023878934779657763,1,0,0,0,Pattern3
0.0,0.10145053074794891,0.017223064794596003,0.10550685532822063,0.2841437922176291,0.023751541048101343,0.04817568810997592,0.0,0.0700424922089238,0.10061771343001251,0,0,0,0,Pattern1
0.07328437245014013,0.09454549924348185,0.08434660439199124,0.11059030645899277,0.12820214285838796,0.0,0.048680141456000414,0.0,0.06934861293025595,0.0,0,0,0,0,Pattern1
0.005583401809723498,0.8631401941542034,0.40426332888441585,0.7838529997518573,0.08625896547106049,0.384812860565634,0.8244347685538392,0.6896529027045127,0.08820519211079025,0.5195798677699088,1,1,0,1,Pattern4
0.5666058062062556,0.48341845860015836,0.7056930371743141,0.6309782687745417,0.8886988267394486,0.8866672339780195,0.354373584986159,0.7669705647933617,0.24600000074356448,0.021159828633612446,1,0,0,1,Pattern3
0.9405578025935909,0.7469804040677922,0.8183786098917656,0.8711612695391151,0.9170088945981278,0.7184378099895457,0.7653420006294163,0.7951869137526932,1.0,0.9776320327951118,1,1,1,1,Pattern2
0.043775839966570244,0.07638072986955988,0.13158551517403153,0.10020730117921237,0.23369506238497428,0.18385690537794408,0.11573092498587326,0.07569170483279825,0.04482180870617301,0.0,0,0,0,0,Pattern1
0.787407089687556,0.8029516359710809,0.794191288898255,0.9802496177457969,0.9822031929452354,0.8176457010646425,0.8881889512514316,0.8768915470018565,0.8935152688270003,0.9126587005765057,1,1,1,1,Pattern2
0.06282181076052797,0.12621930243325216,0.0,0.08128897666651054,0.031050384911269567,0.10829306132555652,0.0,0.1481643650237603,0.2341711333641771,0.0,0,0,0,0,Pattern1
0.025214757452567477,0.0,0.01399402916256312,0.0,0.06761999975090009,0.0,0.08804141768005325,0.11875285770140115,0.03622488016317623,0.1463016803278925,0,0,0,0,Pattern1
0.3473741810912856,0.4582772062164505,0.22060169690115367,0.5541487207903941,0.963258217103621,0.911494329095281,0.67883665618768,0.4356956655563873,0.7029125287308067,0.055394759177389,1,0,0,1,Pattern3
0.03489567832106799,0.026465820024785244,0.040975383902207785,0.19782304446203375,0.13359226013854258,0.12859572862566976,0.2176564682000891,0.0,0.0,0.0,0,0,0,0,Pattern1
0.808073681407448,0.9671613687180498,0.7206276221001197,0.7450251946934411,0.8127305863674668,0.9719266158021092,1.0,0.8074704777004371,0.8090096629915519,0.7372219241052897,1,1,1,1,Pattern2
0.3206531116450285,0.9724837661959705,0.23652965523800462,0.7180453575135911,0.4078984865647215,0.6009871900694342,0.7087408310072626,0.5233616433366939,0.4010857354634646,0.029605501434482484,1,0,1,1,Pattern4
0.0986494221433753,0.0,0.0,0.0,0.04156857300829581,0.06234681994290689,0.11383153363535392,0.005293253195122691,0.06857028189715261,0.267400946426629,0,0,0,0,Pattern1
0.5106467944780485,0.45683377594762625,0.46883063569186123,0.4263315100222628,1.0,0.903610094059775,0.5973606577095415,0.4800435364003122,0.5264456422191737,0.0,1,1,1,0,Pattern3
0.4209461772765467,0.4960489740275757,0.9216740237911477,0.5958889207203101,0.8948460845927629,1.0,0.41100228079423956,0.46675671097293103,0.5861754997718289,0.0,1,1,0,0,Pattern3
0.03771110086955368,0.0,0.12478625257718329,0.16627214179622762,0.1723578302868069,0.18792893334989771,0.0,0.0,0.0,0.046354917820959185,0,0,0,0,Pattern1
0.8212478650559594,0.8115366080488269,0.8843615946316192,0.8452961889593704,0.7487488619227739,0.8496716770377373,0.9297480022266565,1.0,1.0,0.8988967680559372,1,1,1,1,Pattern2
0.32889410817320014,0.5688566310554095,0.34975797472479453,0.5284751238462015,0.8417306961875742,1.0,0.5896654792119318,0.44186038391700794,0.6135416797541376,0.0,1,0,0,1,Pattern3
0.9108866674777629,0.6734785893435526,0.17823676303179292,0.7612960275337155,0.40503274498737574,0.5459756492203053,0.8175724679484635,0.782027371808556,0.7361456504429603,0.36785141015965683,1,0,1,0,Pattern4
0.0,0.0,0.12551953355197926,0.05464217825589868,0.0,0.062343517832969535,0.06591075737861954,0.033778234944685626,0.043767416299383334,0.0,0,0,0,0,Pattern1
0.1700165612525028,0.07434012408721202,0.0,0.0,0.0,0.07028985803538446,0.0,0.0,0.0,0.0,0,0,0,0,Pattern1
0.13051177512413042,0.0,0.15758274613104634,0.0,0.1520280783192335,0.04556388719627242,0.0,0.014404132812483855,0.0752568985555712,0.03285781340974924,0,0,0,0,Pattern1
0.06823826603217265,0.12530792178660288,0.10097166542980691,0.08696635420894543,0.0,0.0,0.025215085336483027,0.0,0.0326647021027744,0.11777770456979071,0,0,0,0,Pattern1
0.4187072834839338,0.10081325466365954,0.42478668782675044,0.7438103270999891,0.089698270712117,0.9665858625264212,0.5285885248354526,0.7221510017719422,0.4253792186309525,0.32200127272305823,1,0,1,1,Pattern4
0.6665225721433116,0.5219482766930816,0.38077783540140475,0.10469508805807862,0.8918932524336264,1.0,0.7000426638984645,0.6294578444607463,0.37123930122552984,0.0,0,1,1,1,Pattern3
0.018450182657931,0.17298878163465053,0.0211410127599305,0.03804296371746108,0.009982045041901609,0.04359319225802499,0.21899656338632326,0.10631446120670691,0.09063914616668595,0.13210699984279656,0,0,0,0,Pattern1
1.0,0.9560793508585168,0.7860290840740175,0.837515395755585,0.8978586821235846,0.9008329858368366,0.7367116043986173,0.6783009159671674,1.0,0.8523204597829055,1,1,1,1,Pattern2
0.12815490260925166,0.5455798747977261,0.812139681327848,0.5282235393379312,0.6779059562815216,0.034670717588233146,0.05123877797150722,0.7777574888293955,0.7862397703519431,0.0043712499686273665,1,1,0,0,Pattern4
0.08287516730187439,0.052313084383892025,0.19310395875339426,0.0065459517155495375,0.0820190845369447,0.06735063529774765,0.014379284355936398,0.01791672509719441,0.0,0.19575084139640736,0,0,0,0,Pattern1
0.12970709752214507,0.062473396826076125,0.0727831257724416,0.09226210185536363,0.0,0.0,0.0,0.12777466452908584,0.05344113375722066,0.0727582761442875,0,0,0,0,Pattern1
0.459184025682374,0.578064177813963,0.47354673556344073,0.38563348553305105,1.0,0.9057481310180728,0.6603169229443765,0.49998140173096794,0.48178795027970533,0.0,1,1,1,1,Pattern3
0.6416954818577313,0.5608292148444207,0.1668495048840749,0.4700771977133933,0.02935531782093803,0.5983489918558192,0.09105769127963426,0.031149483527127986,0.6996752141602214,0.08515148284640506,0,1,1,0,Pattern4
0.14244352648409697,0.0,0.07083406897336994,0.0,0.09950508727033158,0.06493405919839645,0.03623225607440113,0.0,0.0,0.12736882542035677,0,0,0,0,Pattern1
0.84482862518621,0.1016429330476013,0.6027643659678283,0.11871627633204707,0.3483928301065323,0.6497360591852266,0.261672272002781,0.9484140250717319,0.41686812449156263,0.8442453344766638,1,0,1,0,Pattern4
0.38385650305132946,0.26127529568317076,0.9642958612769725,0.9827842662534292,0.9041288950725278,0.6207068986915422,0.2802721542235943,0.05340723537051739,0.03641530045510799,0.8972484870106384,1,1,1,0,Pattern4
0.00290951425746111,0.2133836796197183,0.0,0.0,0.06234984746652959,0.0,0.09735722580730911,0.11221668665054899,0.0,0.216945210408975,0,0,0,0,Pattern1
0.06679894162546914,0.04593207240410809,0.0,0.13729482213367494,0.21704674338093538,0.1001996452788616,0.016618595444817127,0.01023059709283445,0.04882174344173872,0.15388815456037497,0,0,0,0,Pattern1
0.020648700708204903,0.01744291943048404,0.535414123703275,0.676633420620726,0.7095926315887761,0.09165088087446083,0.6774084377132453,0.5039547498931076,0.6339369426815532,0.5132442560108122,1,0,0,1,Pattern4
0.0,0.0,0.02999713821030265,0.02823947347568782,0.0,0.0,0.0,0.10133996722023983,0.0,0.0,0,0,0,0,Pattern1
0.2009070141708395,0.11634659183157854,0.01350090001517068,0.0,0.02042224688245598,0.0,0.0,0.03876405713228713,0.0,0.0052324727962402935,0,0,0,0,Pattern1
1.0,1.0,0.984446196009436,0.7623035031010932,0.9466817389899733,0.8263648016152286,0.9969015292256963,0.7660017180420534,0.8044559651320956,0.8925944352952067,1,1,1,1,Pattern2
0.7928774820533634,0.9315836952664004,0.6313112077886062,0.21382235987878773,0.8813617041294949,0.34218669827706105,0.8625551830987025,0.9068753048033606,0.3177771953960189,0.30254941211371145,0,0,0,0,Pattern4
0.21531227279573562,0.0,0.09088886854441439,0.0,0.06594075486819465,0.07636412451909934,0.0825726217568438,0.06379374156674106,0.11761400249200177,0.15052055342738008,0,0,0,0,Pattern1
0.0,0.20601569187720553,0.04573606254921475,0.006507453338452072,0.12382396327294325,0.0,0.005929002868272207,0.10877800607814922,0.16623498444184515,0.0,0,0,0,0,Pattern1
0.9200753034382213,0.9438763450237198,1.0,0.8121476164974402,0.967400644586681,0.8923395666241245,0.8868904629566525,0.9283811298195216,0.9156727759731526,1.0,1,1,1,1,Pattern2
0.5801790612479867,0.2895005107030625,0.49421535210804773,0.41940677990102576,0.8816277220029903,1.0,0.3200138905987768,0.5363257908343216,0.42734412533625643,0.0,1,1,0,0,Pattern3
0.8963604787998107,0.9648151728520324,0.8776861273031664,1.0,0.7530937510228429,0.6186766203202182,0.8724439697707341,0.8114614861369909,0.7115887387793729,0.854483344048642,1,1,1,1,Pattern2
0.9678047439927163,0.9368391378492404,0.9202624974221594,1.0,0.9549723656831586,0.882343169578132,1.0,0.8986822637503789,0.7113450867990965,0.699409308881943,1,1,1,1,Pattern2
0.4041757997422577,0.4551156102012974,0.5225237917066741,0.6174999251762407,1.0,1.0,0.5988556588688362,0.3285784590483945,0.7074330255860616,0.0,0,0,0,1,Pattern3
0.0986628951972196,0.1380239763511395,0.3676150211368946,0.2255631782907429,0.42790561519626025,0.18806111087944832,0.4020957034553686,0.4817698318483723,0.6970724786143903,0.23374606053298286,1,1,0,1,Pattern4
1.0,1.0,1.0,1.0,0.8035501357558141,0.6459203843478031,0.9576791885245168,1.0,0.9410805998074904,0.8368460515809941,1,1,1,1,Pattern2
0.7218808891084353,0.029253381759611008,0.815341439668906,0.7075124735792703,0.7388136822349128,0.5303985601955471,0.3686072528039931,0.7903181186554036,0.1791097266864876,0.31495033202827016,1,1,0,1,Pattern4
0.47820778829923083,0.6930057035160024,0.47677602452113244,0.48659387927863385,1.0,0.9077178110846945,0.297913628451206,0.21746285896984452,0.6797828860333663,0.0,1,1,0,0,Pattern3
0.4295980229307895,0.2612169769669551,0.08470957161613968,0.3966400851779551,0.2400458988107793,0.2941171687345424,0.0022303661080258497,0.6542915627294131,0.6322992618448791,0.8799603707817941,1,0,1,0,Pattern4
0.9648436758261267,1.0,0.8900925539325287,0.8986235686773988,0.8602764013673072,1.0,1.0,0.8609429777349223,1.0,0.9488672321692528,1,1,1,1,Pattern2
0.4015852614927655,0.46422635194462547,0.38588667240118735,0.5592392808250963,0.8772757966305772,1.0,0.6481775866322504,0.5391510923277756,0.5865304884791859,0.0,1,1,0,1,Pattern3
0.034293861498820764,0.0,0.0,0.09635353714414918,0.0,0.025464352348626543,0.0,0.0,0.0,0.07619311569537655,0,0,0,0,Pattern1
0.8527543584008462,1.0,0.721113163779794,0.8482635366840278,0.8141943623107187,0.8941148770636457,1.0,0.7463653450083457,0.9566512073783782,0.585981518985938,1,1,1,1,Pattern2
0.795054495839856,1.0,0.960827496231737,0.832695879649042,1.0,0.849625787449452,0.8210642027944466,0.8795140811046963,1.0,0.9882569767950464,1,1,1,1,Pattern2
0.06010055414229498,0.7396763129738273,0.6549631691533414,0.10284047564222032,0.2692035468194024,0.931967641635616,0.452295439711202,0.4133980708511118,0.48225330281672485,0.16521676516928885,0,1,1,1,Pattern4
0.5945607658386303,0.653997999729077,0.9617982255342316,0.8601262861390354,0.6134122616043737,0.9095613764281996,0.1049549029152147,0.0660506845476323,0.46112664863888553,0.9635968353555201,1,0,1,0,Pattern4
0.9519754115986847,0.7226210887563439,0.2817632952510378,0.23175864972983173,0.12053552904984843,0.5843618280219743,0.06042294906422485,0.050832883207442836,0.5713699675772386,0.7968715648938866,1,0,1,0,Pattern4
0.6079361117712224,0.32247979961950457,0.5761074658121582,0.6246770213561954,0.9732860836105501,0.8967636751688706,0.30209279944569334,0.5945530585059735,0.4016555938404028,0.08645968126911002,1,0,1,1,Pattern3
0.09491295037471537,0.0,0.0,0.340258347798201,0.08316989040196188,0.061663566649144075,0.0,0.03259649438323162,0.0,0.02008723177061804,0,0,0,0,Pattern1
0.9692547157851336,0.9316536825788538,0.6573663119185862,0.8318400608656359,0.8175644489592601,0.9986620542315118,0.883302509858645,1.0,0.9945559873942966,0.9005044031621172,1,1,1,1,Pattern2
0.9295572198161468,0.8858834703535147,0.7334958838944269,0.7682870693088388,0.964906956211367,0.9281973940185554,0.8801538113781808,0.9931363269079035,1.0,0.9188422425619317,1,1,1,1,Pattern2
0.13682507305508493,0.1962450291274493,0.175867430066909,0.07062162174629051,0.0,0.06253592460326257,0.232800583620202,0.18170335959154116,0.1168860127220764,0.045562113810866806,0,0,0,0,Pattern1
0.891961705272084,1.0,1.0,1.0,0.7680556000522056,0.7322121692757815,0.882764648473039,0.8801514509087652,0.9217867538929263,0.8561774335482326,1,1,1,1,Pattern2
0.4841377623478559,0.6541100166705017,0.4123574266314812,0.18912519450821225,0.7926487126158952,0.7610822824747916,0.5015634460216322,0.4735162979876052,0.7828050216525441,0.0,1,0,0,0,Pattern3
0.10904749580116069,0.01096610374998963,0.21147933381915507,0.3608513185945744,0.5480274955656959,0.5819348314766962,0.6345588794053784,0.40243258544110316,0.6779929205802291,0.6914203301096987,1,1,1,0,Pattern4
0.12387613862172217,0.0,0.036370802337233624,0.09818633811050861,0.15188701123180615,0.0,0.0,0.0,0.0,0.04434754804351518,0,0,0,0,Pattern1
1.0,1.0,0.9124713897595187,0.8791434228970777,0.994275893615985,0.9701227655882549,0.9874561263644162,1.0,0.7252673324910959,1.0,1,1,1,1,Pattern2
0.9548815810058234,1.0,0.8856210844134781,0.9818707663719941,1.0,0.9512565075944022,0.8865021654344799,0.8478300590517884,1.0,0.8190760561184312,1,1,1,1,Pattern2
1.0,0.9800339263069495,0.7877118823557006,0.8576860162175862,0.6544926783747617,0.756881331065556,0.9161412761615837,0.9018391237233536,0.801498214134699,0.8198954181021786,1,1,1,1,Pattern2
1.0,1.0,1.0,0.7443842573490949,0.8360458400755226,0.8638220035440498,1.0,0.7668880662603575,0.9756703408280304,0.838636034135708,1,1,1,1,Pattern2
0.8258029982416317,0.9908764817776207,0.9541411300326182,0.9457927584671058,0.9513649941006547,0.8898368258487083,0.9566419524441546,1.0,0.7385118318768076,0.9282978505526406,1,1,1,1,Pattern2
0.24318725242009842,0.0,0.0,0.0,0.0,0.12975390162578948,0.044744866010620075,0.0,0.0,0.040831458390189174,0,0,0,0,Pattern1
0.9814038980046609,0.6813839071797574,0.919921521050155,0.5389150646277971,0.5194884606320427,0.6095438101594478,0.27784904674718913,0.6266932726922314,0.08390879254089323,0.5658124386571259,0,0,1,0,Pattern4
0.5661376294120363,0.2676980998186651,0.6398082472315019,0.6916614615073047,0.9316527701997712,0.9909886316935528,0.7227001383567131,0.32342329193116137,0.7012600302514259,0.10802275104181826,0,0,0,0,Pattern3
0.359275597486721,0.6715251135276219,0.6326807034643493,0.4736739613842544,0.9428144031268356,0.8115444276546221,0.4376280281042877,0.3591414616426966,0.408180672395769,0.0,1,1,1,1,Pattern3
0.0,0.09894835050578116,0.021635281896816422,0.26665575835704736,0.0,0.0,0.05057233880604773,0.0,0.010210918863804118,0.1224716573524213,0,0,0,0,Pattern1
0.7779495350550596,0.6447899644810453,0.6555214052451637,0.2050931218925903,0.8283442685652805,0.9550565818794545,0.40818574672074004,0.4856012016362686,0.2401698179214964,0.0,1,1,0,1,Pattern3
0.3629964168447555,0.6106292783274082,0.6039636871674395,0.29249740203196734,0.9992380927421671,1.0,0.4952735679851049,0.648340572170244,0.20838803466411956,0.0,1,0,0,1,Pattern3
0.40650762545161195,0.5128214283784992,0.5925368707770016,0.21913528147591216,0.9298770585685565,1.0,0.4657448997090299,0.5419026234652207,0.33543344807682085,0.061243389210082474,1,0,0,1,Pattern3
0.7359762546163224,0.7915411924542989,0.7044079166854336,0.37019645182871563,0.8743938571476969,0.8490472585476023,0.5195133565950687,0.3613477818532289,0.28559029158003707,0.04324439539266332,1,0,0,0,Pattern3
0.5916283250544754,0.07817716191498314,0.6751846632115482,0.10888570571927614,0.06891535074205524,0.09077633942425256,0.48761236329782665,0.8945094207300665,0.29492842648492246,0.2176526634291045,1,1,0,1,Pattern4
0.8365320357124706,1.0,1.0,0.8712096949825183,0.8833998355281383,0.897533605903619,1.0,0.6724722842453196,0.8492372514548365,0.6522885575169399,1,1,1,1,Pattern2
0.4155586820539467,0.5744982978771076,0.5645814196316631,0.4906822612978332,0.8688621044188766,1.0,0.6273854919135163,0.6220476223026139,0.5136798287120049,0.0,1,0,1,1,Pattern3
0.9942543822101825,0.9458000800825941,0.6782941134483501,0.8281741832234852,1.0,0.8486855432237781,0.7206080097455566,0.9364930030347823,0.7293250751997249,0.9835217826167069,1,1,1,1,Pattern2
0.2672846263852672,0.8473244964924,0.6044944823685285,0.7500975440476103,0.47627711539431505,0.6669482667348655,0.8244538558609367,0.4755266409913588,0.5055899707182278,0.8138938190135693,1,1,0,1,Pattern4
0.6376166691215767,0.6269283148365469,0.29734643315055725,0.44383959492668806,0.8938637870493318,0.9390221574488333,0.5194112309179044,0.42549703381689963,0.3873181642341631,0.0,0,1,1,1,Pattern3
0.13009686637387255,0.0,0.0,0.05625935574971413,0.14267064287219872,0.0,0.0,0.1223073415221977,0.03983833176538501,0.02328645518020895,0,0,0,0,Pattern1
0.9746419518493028,0.9912602939552577,0.7611911845402417,0.8948754905271876,0.963135939355697,0.9215005204167495,1.0,0.8841577142896481,0.9187373014583402,0.8917439067084728,1,1,1,1,Pattern2
0.8852472242737975,1.0,0.9340102039665622,1.0,0.8823542689318505,1.0,0.8580051223397049,1.0,1.0,0.8697967800412806,1,1,1,1,Pattern2
0.5540832133639393,0.2916252383622684,0.19534417218191358,0.567963771965434,0.9123583938845061,0.904409635056907,0.29692258390792114,0.5060318228977314,0.5836489177692266,0.0,1,1,1,0,Pattern3
1.0,1.0,1.0,0.8741805204623718,0.6949953351026698,0.8337386798674092,0.836320884447207,0.8020131072917671,0.9915822929154916,1.0,1,1,1,1,Pattern2
0.29406798607228324,0.9022950784280985,0.774440208491303,0.7005910695148412,0.9049085316896226,0.7965577158968334,0.854472391322071,0.9118593906127679,0.6314071646284594,0.9036916765110414,1,0,0,1,Pattern4
0.8440754813277684,0.6689270501097624,0.4269533934349689,0.7032857407854133,0.7186669732379786,0.9442046263479156,0.527904982329753,0.35263652377215476,0.3086022549299759,0.13893619075466662,1,0,0,0,Pattern3
0.09722027036644212,0.026870918779226618,0.0,0.0,0.015842455159398024,0.0,0.13380377701524554,0.0,0.05981363720939503,0.0,0,0,0,0,Pattern1
0.0,0.0,0.0,0.29413160667531535,0.027948773655668835,0.21633569761362603,0.0,0.021220669378422995,0.1362490098288836,0.0,0,0,0,0,Pattern1
0.0,0.23452425520391904,0.07006469354819755,0.1551782175833987,0.07944022078190495,0.039185262833732075,0.0,0.0,0.020717283910576485,0.0,0,0,0,0,Pattern1
0.8614147209744186,0.9043503481801289,0.694634763977623,0.6871568323965684,0.7663249265940751,0.6115540587126121,0.08662707542463222,0.4692792692076735,0.7659468967309693,0.02323304162177231,1,0,0,0,Pattern4
0.1499610249812919,0.15747681880568495,0.011387726553626111,0.07237123183297961,0.009641221276766664,0.02141420756586583,0.044442559365937405,0.0,0.0,0.10017294619401093,0,0,0,0,Pattern1
0.2702961403572648,0.3792053806929098,0.20857188702013899,0.43406966439760064,1.0,0.6716532484331746,0.5646974830764182,0.32356219956917326,0.38135445491006287,0.08631362542300976,1,1,1,0,Pattern3
0.48239381262105985,0.20613514611506278,0.6144259480414604,0.5878626620088742,0.9878169472103552,1.0,0.6345914464227886,0.6638382208514274,0.3927534733156403,0.03384402602608494,0,1,1,0,Pattern3
0.3077263952379999,0.5045286256338752,0.560658238077622,0.3473534244183573,0.8443082997818504,0.9301075076143455,0.5397850946319127,0.24013233357259683,0.6359052098901731,0.0,0,1,1,1,Pattern3
1.0,0.9056812881868085,0.8212493476246456,0.6854188450349018,0.9513813266960829,0.9410933579578464,0.6672423330027921,0.8653668795808168,0.9148775046893958,0.7997486020513798,1,1,1,1,Pattern2
1.0,0.948422754839019,0.7187063237957508,0.9548500672432187,0.9127678212225527,0.9763460354331365,1.0,0.8320978996879808,0.9550569178805097,0.8292780408780145,1,1,1,1,Pattern2
1.0,1.0,1.0,0.8593486993553314,0.8122908360763345,0.9136104353535723,0.8078417874154425,0.933243187582974,0.7430523280116241,0.9357284148118108,1,1,1,1,Pattern2
0.18688843843872527,0.0014588047849900532,0.9958721581050228,0.1955503119188975,0.2261550221162114,0.1195230640413475,0.3107745377170671,0.39776661178375694,0.5601165820910687,0.14882178579061967,1,0,0,1,Pattern4
1.0,1.0,1.0,0.9504819996572599,1.0,0.78685546450264,0.8374370478284906,0.8485368472603526,0.8270103510069637,0.7912057419761346,1,1,1,1,Pattern2
0.9717111338185727,0.5599215577556981,0.7725076141536111,0.3460872438214546,0.2716428077174383,0.797113006348212,0.08132942700506995,0.5460130375304328,0.35437037735592736,0.6606016595025159,1,1,0,0,Pattern4
0.0,0.004228989697786109,0.07603495066442671,0.05646552739135513,0.0,0.0,0.04256671647712112,0.0,0.13222621435523946,0.03035632659890241,0,0,0,0,Pattern1
0.9872422126644135,0.8727898346864255,0.6142034118550699,0.42757790164790366,0.6845155483231814,0.10182485022573828,0.917290798978468,0.6365921531916351,0.8198136779606012,0.6771974733575983,0,0,1,0,Pattern4
0.0,0.0,0.2657413423531111,0.26071061707820953,0.0,0.0,0.0,0.05692957442710304,0.012639567088106624,0.0,0,0,0,0,Pattern1
0.0,0.011020435063442628,0.016475997083770136,0.11491926844971714,0.06735267041871419,0.1695178056205043,0.028113291544368577,0.0,0.0,0.11558375658147592,0,0,0,0,Pattern1
0.0,0.03402570347963866,0.009622888285014834,0.0,0.0,0.0,0.1511711130084142,0.06928452137527372,0.1344547456524791,0.0,0,0,0,0,Pattern1
0.528014671290701,0.877858409848046,0.4634722262636228,0.4207552352061335,0.9710364246225323,0.8501616037004553,0.2533353143770534,0.5921853377107374,0.6726986841947469,0.059681585752096436,0,0,0,1,Pattern3
1.0,1.0,0.941213961281419,0.8078449428762114,0.8141577600401849,0.989042115462173,0.9683011082001332,0.6315758871433717,0.8570612574827814,0.8889407038347669,1,1,1,1,Pattern2
0.5350472322175583,0.33893143460411335,0.8900857445374886,0.97134548340702,0.9003431402468367,0.532469921766913,0.7791614932032207,0.3943325550357979,0.03210854848473477,0.6708430119624703,1,0,0,0,Pattern4
0.29880533915729884,0.29198459952816375,0.6469664850045694,0.6112283579918689,1.0,0.9256006377025687,0.37289713367532,0.6093061908919748,0.7060214694031818,0.0,1,0,1,1,Pattern3
0.9220077432432601,0.46922203605849666,0.799879158634138,0.3841980142637179,0.5762469007762754,0.19749120778850415,0.7435040537954584,0.9114259438187523,0.944072335512737,0.09047910131004877,1,0,1,0,Pattern4
1.0,0.8330325342302293,0.769072535423319,1.0,0.9277714271632719,0.7483935014517316,0.9789910709821807,0.796261750822949,0.9494349278952304,1.0,1,1,1,1,Pattern2
0.38076434574317763,0.6466106368485055,0.4877381381912827,0.5469145701755027,0.8869144597975378,0.86349246898875,0.4887052557484064,0.4556058280532604,0.49247095060696094,0.03506978381936243,0,1,1,0,Pattern3
0.9638775043855758,0.5339772521123406,0.8167861243343133,0.35357681304769173,0.917798011591679,0.7077453496395449,0.5759280491396935,0.8100995861469257,0.9654930562991187,0.6364489159885919,1,1,0,1,Pattern4
1.0,1.0,0.8037577837612513,0.9742013294273654,0.9160291139454197,0.9947441883350985,1.0,0.9101412613469948,0.9006327515871666,0.7266798594955527,1,1,1,1,Pattern2
0.44559374858420053,0.6450815054907632,0.41394492146748885,0.8673697374337083,0.6672345077610429,0.7867858231937753,0.74425306471579,0.687606837283156,0.543240387645309,0.1583753761017772,0,0,1,0,Pattern4
0.835634440425792,1.0,0.9366539621631661,0.7788474322196971,0.64329983030204,1.0,0.9406323439797455,0.9532767168433365,0.9037957146544199,0.7129611736340651,1,1,1,1,Pattern2
0.6327274912862934,0.6825576656721011,0.8045106646063319,0.015376873644625588,0.8668843291422681,0.21105552374309533,0.2039050252031549,0.2933900672377243,0.5325797800477923,0.26969856488742017,1,1,1,1,Pattern4
0.5409270329657482,0.6590890146809819,0.3518723007006146,0.5441095443163868,1.0,1.0,0.5914903584692092,0.422806043667153,0.3880066099557303,0.0,1,0,1,1,Pattern3
0.0,0.059669834709356044,0.0,0.057423384020843626,0.031245241104404475,0.0,0.0,0.0,0.08985897711727242,0.0,0,0,0,0,Pattern1
0.634907886030749,0.5409606605685375,0.4249519200969349,0.6398381357042544,1.0,0.9151506207633264,0.4484482356364089,0.2493846917237194,0.4831593409457223,0.00557988372228526,0,0,1,1,Pattern3
0.15460889647030474,0.0,0.03842602861375614,0.0,0.0,0.02623577131448567,0.12041920395262633,0.0,0.05005927718417727,0.11523311286378439,0,0,0,0,Pattern1
0.9530858026393264,1.0,0.9615386675460594,0.9171451262273419,0.9903332669129293,0.9063181222017713,0.740589615686059,0.8200894302603001,0.9536804274022905,0.9207300256449458,1,1,1,1,Pattern2
1.0,0.9315528755108694,0.7382506708612736,0.8618605207916901,0.8631018974927688,0.7404422890282654,0.9825998027836964,0.5833185322198117,0.8278479234389651,0.754594924473895,1,1,1,1,Pattern2
0.27076872893535975,0.9742320617240082,0.8995451646632939,0.45535042266972836,0.08380061317846987,0.5975279340833329,0.24914345933580018,0.0013653103619842843,0.3611002113257469,0.2927576673319877,1,0,0,1,Pattern4
0.19256986118142636,0.02953600116779293,0.1546518997253578,0.16605193778745994,0.06167993405298497,0.0,0.17052528240577747,0.04143657480214874,0.06749790260620556,0.0,0,0,0,0,Pattern1
0.7416077318848664,0.8212373273467207,0.5053827644165556,0.18162325075715402,0.5431518857598902,0.8836394034179149,0.6186208883800794,0.7773803745385649,0.2851988168444902,0.3564717790175923,1,1,0,0,Pattern4
0.0,0.16253251857856088,0.0,0.06135633009188776,0.0404082895603382,0.17656577861175993,0.08195451660919686,0.0,0.015674434684360826,0.08558591140915651,0,0,0,0,Pattern1
0.9016246305276167,1.0,0.8404268825302338,0.6655977220303199,0.746363927340592,1.0,0.8868024822690276,1.0,1.0,0.976485334494595,1,1,1,1,Pattern2
1.0,1.0,1.0,0.9881545443380237,0.8592258089039722,1.0,0.9633464694423998,1.0,1.0,1.0,1,1,1,1,Pattern2
0.9379203936546963,0.8101214288091607,0.7484391726653646,0.8648672659779487,0.9175831739601277,0.8111026630132359,0.9830828472688361,0.888113434170303,0.9477618908381276,0.7801232115162579,1,1,1,1,Pattern2
0.7429028803542288,0.6298696054905271,0.4221161472505969,0.2780353971119219,0.9364843726862894,0.9748255870749507,0.3809315190825102,0.8054913809584734,0.47665341421381424,0.09810870133667095,0,1,1,1,Pattern3
0.620663457585487,0.41884301876690744,0.43014204912731463,0.2721268563393588,0.913434339970326,1.0,0.6409576307604693,0.2445946473856878,0.277487827407172,0.08418256515976535,1,0,1,0,Pattern3
0.8200904747309088,0.3774636247738192,0.6633249408097135,0.5982370669383104,0.9897806003899414,1.0,0.5459029458022,0.6504909926944769,0.5885277447488598,0.09682293151459104,0,1,1,1,Pattern3
0.5064607288808042,0.34515805488602125,0.6143953492413409,0.8821270448683435,0.14322738164432314,0.9283828133669656,0.7373414686355473,0.30067289365390315,0.7417736216065808,0.47431110811589616,0,0,1,1,Pattern4
0.13583395786494346,0.949728096157882,0.6531651479303677,0.5711238859656602,0.5937039970358076,0.5519243473315596,0.9889709056640433,0.054564147488794346,0.42379737599919176,0.3997744617369151,1,1,0,1,Pattern4
0.44970805862630553,0.5101635341123291,0.4725562252350407,0.5361899657484197,1.0,1.0,0.5324579486474041,0.4797900554074552,0.43006088278571103,0.0,1,0,1,1,Pattern3
0.9969123900415541,0.9146969915287138,0.8360373504715892,1.0,0.9484131423570692,0.9728738827420828,0.7884817781663223,0.7999247637795829,0.9810946502125305,1.0,1,1,1,1,Pattern2
0.45859027788563433,0.5285970226863549,0.6290101099754197,0.3486907434721694,0.9127553864950195,0.9165447252219372,0.36486829141773747,0.3965776674919043,0.5378699257117148,0.00415996972517876,1,0,0,1,Pattern3
1.0,0.8631602539316786,0.7536936075647678,0.8254191639750776,0.8438309389262643,0.90563360657176,1.0,0.9794575745780214,0.9999364628081686,0.8824424522103131,1,1,1,1,Pattern2
0.676846387606682,0.7013107671875888,0.005081813053047335,0.06561066344842548,0.42996534047935164,0.5114792471093789,0.0816126725063292,0.03492810358299725,0.2762977041641663,0.9876337481431537,0,1,0,1,Pattern4
0.9666247789893255,1.0,0.8608746982998692,0.8673960687899236,0.7698649413006422,0.7838318794555876,0.9363456054914021,0.59952635123585,0.862929777442917,0.9101020634667012,1,1,1,1,Pattern2
1.0,0.9562349386055038,0.701452788348967,1.0,0.7893349233307709,0.715200759499475,0.9164378232074272,0.9781763955986639,0.9152575510832033,0.8885283281172636,1,1,1,1,Pattern2
0.5523989892218909,0.6861256892435155,0.9401254493137897,0.7653989724200111,0.4466333471403222,0.9410844600124715,0.053309359942775636,0.5548531236886072,0.4896720729267512,0.8957644288708206,0,1,0,0,Pattern4
0.5923970966700449,0.4010274607009954,0.3888312853741755,0.4707669226627287,0.8788622670018424,0.9787886441707636,0.5619430578993883,0.3686913962379753,0.6453939715549567,0.0,1,1,0,1,Pattern3
0.8732487079587172,0.5032732917389393,0.74969481273823,0.13994309803710814,0.23674061522012257,0.22684798110950843,0.748503476172065,0.3860988237975139,0.9922216757690933,0.6377016310103146,0,1,0,1,Pattern4
0.4993458137853657,0.24632875836880674,0.9137894601028008,0.9991133511818014,0.19529203374696258,0.6833465656717589,0.5480267411648854,0.1394966896429426,0.8489289880928205,0.947100972502124,0,1,1,0,Pattern4
0.4091954325358782,0.7236906679763503,0.7902635218478741,0.3708472828431144,0.8744358283173578,1.0,0.5564269169830106,0.39403353364184557,0.37921178927660004,0.0,1,0,0,1,Pattern3
0.42551234737686927,0.6504873675186512,0.37291242244502987,0.235689169200458,1.0,0.9867665728438074,0.48972335696402314,0.349860334855162,0.6377086396557022,0.0,0,0,1,1,Pattern3
0.5862053269240352,0.5647079919784217,0.3247765337547792,0.6339832779818434,0.9807963903760145,0.9796610818206295,0.5815963981961088,0.5722774283498019,0.6780280400783593,0.10381430942770133,1,1,1,0,Pattern3
0.9920768354092279,0.8773815948506173,0.43559212132852554,0.7005043767547363,0.617351766485539,0.550769661454894,0.7092680326510696,0.152213092652299,0.14866632240695976,0.8600600938676485,0,0,0,0,Pattern4
0.863796591543306,0.5275918388450733,0.290566374568868,0.48132645912775307,0.9196631192630794,0.8963557643182156,0.4678992334065931,0.6874970576407751,0.45592480077019754,0.018833926710166232,1,1,1,1,Pattern3
0.0,0.0605820831556848,0.04279409749635216,0.0063892203461259345,0.04196212029468101,0.07829098817839727,0.0914888413441356,0.0,0.09235463760411353,0.0,0,0,0,0,Pattern1
0.9394364775436294,0.8869387697003803,0.6704077973396736,0.7724666173029612,0.8111642694433443,0.9623981102025442,0.8908473983501449,1.0,0.8667151004430096,0.8056845564522552,1,1,1,1,Pattern2
0.5782803494697719,0.27650864664504904,0.3826219826032204,0.3922694907896197,0.9096238466537152,0.894535856577368,0.6699099082659159,0.38429968933271924,0.6509945652719926,0.06824880633624991,0,1,1,1,Pattern3
0.5486569107825989,0.18101603052453386,0.451411930461066,0.12342484571888435,0.7706972659608002,0.22940897152345252,0.4665607882856977,0.12145881999082231,0.8872204574658513,0.08646160175101347,0,0,1,1,Pattern4
0.7100014311747679,0.5729001491443464,0.582432824611885,0.017816195564907877,0.0055630878161073705,0.22980996129410147,0.2858559846312999,0.20303754612707003,0.6620016743855424,0.09957877505218038,0,1,0,1,Pattern4
0.7260464730312562,0.8079300336925832,0.08933003677392892,0.783588489641382,0.8050048304473343,0.3074447107607594,0.9969488601195546,0.02112876923919127,0.45779139816589254,0.8258478752715165,1,0,1,1,Pattern4
0.02685513120503291,0.586422201518795,0.19435076290999986,0.4832723005821574,0.8246663546257351,0.2397603749450845,0.9976785919083873,0.29540181065165916,0.15949945009437394,0.6653540899415976,1,0,0,1,Pattern4
1.0,1.0,0.9709869880501536,0.9010819179050971,1.0,1.0,1.0,0.922438989010506,1.0,0.9701732288355319,1,1,1,1,Pattern2
0.5244765888297023,0.6017028030761307,0.5300086713976856,0.17336732694354712,1.0,1.0,0.558790590664231,0.2833608390771793,0.37468661555759564,0.0,0,1,1,1,Pattern3
0.8904207640014865,1.0,0.8658966219620298,1.0,0.908630251644711,0.7951891988956897,0.7892876767415337,0.9288790616876532,0.8222244281089992,0.7444910458386435,1,1,1,1,Pattern2
1.0,0.9758467160273708,0.8568491267963432,0.9532111660069607,1.0,1.0,1.0,0.9681339502284242,0.9578032621560598,0.9724754464874088,1,1,1,1,Pattern2
0.927841804289128,0.7575060440366651,0.9179564125062529,0.9651524889726815,0.880424742743558,0.7310713176454826,0.7869630126026311,0.9666133083442475,0.7856198360677664,0.6199265296378031,1,1,1,1,Pattern2
0.47539387202133426,0.5507135600066989,0.5180327322035705,0.296304915071794,1.0,0.9103865898493944,0.6598718241693634,0.5672294956704734,0.40608509421362843,0.025310325487691413,0,0,1,1,Pattern3
0.9605758405278607,0.9177291211472545,1.0,0.9675989106760212,0.8826148166251175,0.7310838345437327,0.9782888366354527,0.9180313744818072,0.9801823796047263,0.9646002914287929,1,1,1,1,Pattern2
0.0,0.13333802876478715,0.2186350981344375,0.11327096375250534,0.0,0.08904041705916792,0.0,0.12342044465397706,0.034094902507610304,0.18060960066986936,0,0,0,0,Pattern1
0.0,0.1594967249040543,0.06068421348517859,0.0,0.14388167886304554,0.21396469956658243,0.21536293362048775,0.24006797955215886,0.0,0.0,0,0,0,0,Pattern1
0.565701142081685,0.5515035056575606,0.5026947694319696,0.5523935316431924,1.0,1.0,0.24990422983286953,0.551146995202389,0.49923210790171146,0.0028178679299180748,1,1,1,0,Pattern3
1.0,0.9062455954449451,1.0,0.945591005029273,0.7866502682279806,0.914003971859405,0.8884873640386666,0.9016468964357299,0.8097025109513798,0.9137326326553743,1,1,1,1,Pattern2
0.3723231242986015,0.288968362245156,0.843035805830929,0.818182598268405,0.261154849965621,0.36538348088664085,0.07556040560491817,0.7761487605885495,0.7075724606167029,0.3697236651965733,1,1,1,1,Pattern4
0.8811215465181368,0.6470271992409813,0.3854553203962372,0.8135679427465947,0.6663090192420261,0.6220719211275406,0.549873038372346,0.5373133131563332,0.3899895081070843,0.3447323760335932,1,1,0,1,Pattern4
0.7904574309571435,1.0,0.9726437610889956,0.9518026838334175,1.0,0.8517575926592778,0.8770025098067693,0.8355743773429557,0.9514651006855064,0.7064483266740894,1,1,1,1,Pattern2
0.34469987434104776,0.42434340180437957,0.5406834816627671,0.36479632212764257,0.9805187582178777,0.8955099646780667,0.5010146186763696,0.4029759476788136,0.6086422818873124,0.0,0,1,0,1,Pattern3
0.6691098955471881,0.8626574687243505,0.3636099231078387,0.3511714453604221,0.3491575841913468,0.0968325282622653,0.4407205008139361,0.7570350419340666,0.25994757485117137,0.9027160255340647,0,1,0,1,Pattern4
0.009409117872168183,0.21981510921473585,0.03144244873089213,0.023784266900271467,0.12453855842061382,0.007494097171465819,0.0,0.0,0.0,0.23149855822917403,0,0,0,0,Pattern1
0.5167108958650584,0.6535206090666663,0.5742683622984971,0.529548860566667,1.0,1.0,0.5455272227132736,0.5290097498270969,0.2186983171793249,0.05632993885193292,1,0,0,0,Pattern3
0.47217957006401184,0.46782465496825854,0.4993906595611499,0.7799716747276257,0.8964928219833964,1.0,0.39765073065139867,0.3751114881270219,0.35124172721942026,0.0,1,0,0,0,Pattern3
0.6858919076192584,0.9335068182070498,0.9605340947759011,1.0,1.0,1.0,1.0,0.9667461182954602,0.8800842484901106,0.8515016300820911,1,1,1,1,Pattern2
0.6284796806010553,0.24629394792336856,0.9327239128918765,0.5134837667594564,0.9543688811460895,0.2643852353597357,0.5977864488961846,0.9541084158710418,0.40930623096530516,0.0903865080145484,0,0,1,1,Pattern4
0.06700560699364728,0.08148247776505176,0.0,0.0,0.2445833071464245,0.0,0.18431374453536348,0.0,0.0,0.0995077022464616,0,0,0,0,Pattern1
0.9056240688276234,0.3540721216261218,0.2499540409852944,0.9332620852245325,0.013230591654908808,0.06845561405783851,0.534340753345088,0.6674151179868472,0.8367719062528587,0.9282472014475158,1,0,1,0,Pattern4
0.0,0.03460480320799381,0.012221367071270342,0.0,0.0,0.11624663461382,0.10888779209815391,0.1254957347019025,0.0,0.004505061836260991,0,0,0,0,Pattern1
0.4509329685719423,0.7540394589425684,0.6560115999766658,0.7955405363802502,0.8456387533029343,0.9136814521301494,0.45021408102645144,0.5321553098110097,0.7623791277401848,0.052969915567956445,0,1,1,1,Pattern3
0.04815216776685373,0.10291346197223808,0.08214009443053982,0.12195478385249445,0.2032361385226227,0.13929796941383707,0.0,0.0,0.12670690757210556,0.1570789328423271,0,0,0,0,Pattern1
0.9539033446347773,1.0,0.9316730652988898,0.7221881120345925,0.6965260406502962,1.0,1.0,0.9737590006055432,1.0,0.8739831384841344,1,1,1,1,Pattern2
1.0,0.9859386190660393,0.9915482326150455,0.8533168291191638,1.0,0.8475368167773417,0.944527242680683,0.7817494427142431,1.0,0.8182734986373406,1,1,1,1,Pattern2
0.046721016621012135,0.1601792199346731,0.17225395790188347,0.3630360868456285,0.683417224064101,0.9229731096372855,0.0695875374503101,0.98959463017411,0.3340986955067471,0.2180079275580039,1,0,0,1,Pattern4
0.9901474435161879,1.0,0.9192809444211835,0.7704899099123486,0.8988976788780731,0.7183995341535934,0.9199866824420792,0.7523079987565314,0.9120451532135273,0.7126796265973039,1,1,1,1,Pattern2
0.04463412584709967,0.18437822671997894,0.0,0.008951176439916761,0.0,0.05858769919787019,0.03596187854591953,0.0,0.04819728116573299,0.10899705924383332,0,0,0,0,Pattern1
0.10694692314077595,0.02632756754668497,0.08886678732459309,0.34731601765716075,0.0010027521751488112,0.0,0.0,0.0,0.0767960364546125,0.06603364338652049,0,0,0,0,Pattern1
0.1306696745441897,0.0,0.14786871769428905,0.09912785633620025,0.0,0.000986790776643296,0.048152846509645846,0.10583143936946494,0.0,0.06900365671467608,0,0,0,0,Pattern1
0.9358639462262601,1.0,0.9858810799504681,0.6156521568217248,0.8636368647167982,0.7030394551660433,0.6351432476828784,0.887489810173046,1.0,0.9601000903184267,1,1,1,1,Pattern2
1.0,1.0,1.0,0.7021564032097146,0.9180817857000959,0.961757251473198,0.9148794075091982,0.9654675465822292,0.9305054923163503,0.8805600411630209,1,1,1,1,Pattern2
0.23587194608218043,0.45697148866025683,0.46469523654692535,0.8460645996461013,0.6946221837212446,0.7607693766532982,0.10126851952591076,0.9017767404334557,0.8620874101594291,0.3614547019932768,0,0,0,0,Pattern4
0.3934244156804768,0.41904937928568925,0.5070049721982581,0.40240263417632616,1.0,0.7425629309106445,0.4245878661518502,0.4588337347046172,0.27976054745450446,0.1143360473136088,1,1,1,1,Pattern3
0.908817671069093,0.9330259105703524,1.0,0.8710066822351084,0.8595153979764008,0.8981426472373333,0.9675643206909104,0.7389838355779654,1.0,0.8921191238563358,1,1,1,1,Pattern2
0.26872123724667346,0.07881424508502985,0.0,0.09108325743788251,0.21486550241157587,0.2616555456772501,0.0,0.12458512886742873,0.0,0.0,0,0,0,0,Pattern1
0.0,0.28683747953434974,0.044352148711623116,0.02018563831675614,0.09821931915110862,0.16462443815902855,0.0,0.10487120468761298,0.0299729371832403,0.06007581083770756,0,0,0,0,Pattern1
0.9144705845747998,0.6834731352176151,0.9693402595022415,0.8892324705893732,1.0,0.8820671344732243,0.9595634290053381,1.0,0.8467515944217304,0.8735012809773314,1,1,1,1,Pattern2
0.56375665621496,0.12996149588874495,0.03246543662911927,0.012168561440017545,0.3648027030640072,0.8970700389866892,0.14662293297099405,0.7121288564957926,0.9145253796184512,0.9230624707402537,1,1,0,0,Pattern4
0.9074864543154709,0.19387526265796662,0.5828255400752037,0.7657558503195239,0.2551815458119292,0.9283823576347766,0.1920566898441688,0.7726121942058781,0.15130878769835254,0.19407742004787742,0,0,1,1,Pattern4
1.0,1.0,0.9564359614945875,1.0,1.0,0.8594984912201049,0.8485109418581079,0.9207585325234166,0.9187846982901042,1.0,1,1,1,1,Pattern2
0.08931533063391457,0.08631999924665787,0.011214050615629259,0.06320816994602925,0.1020520472587122,0.0,0.0,0.012955824834045879,0.0,0.3393563876963871,0,0,0,0,Pattern1
0.9459999424629997,0.9164306524803999,0.09936689167073454,0.32201775098332597,0.15836193226509665,0.7493264468299239,0.02782882527222119,0.7103170162466372,0.979064654467983,0.7456411377645034,1,1,1,1,Pattern4
0.48205505073990407,0.8913108527891457,0.254961261913232,0.8826827632031642,0.4011052435532182,0.008264009455347776,0.17934586350579096,0.17063286018576762,0.7912055729715524,0.2621415421346922,1,1,0,1,Pattern4
0.8410688435257516,0.8676837172340093,0.7520070693014974,0.8102694775014185,0.991302713701749,0.842783186297803,0.9679893348799153,0.8344545269625239,0.9922981581451225,0.6053224194230675,1,1,1,1,Pattern2
0.5792111423153042,0.21610800538333674,0.37546950559091585,0.5314193308697921,1.0,0.9696129305699815,0.5783899226659319,0.3832108955183073,0.48825341286438995,0.06260783071399934,1,0,1,1,Pattern3
0.4618499405260936,0.5502911994144583,0.3242098671007674,0.3996116731772743,0.8756460690540484,0.8442101968873301,0.507030934768596,0.5458065702962467,0.49096230511094385,0.0,0,0,0,1,Pattern3
0.9924834093947386,0.11317716488304819,0.8678808565654897,0.566678833141322,0.13513969324662878,0.449162044373848,0.45609809684591573,0.20136647039393207,0.18910132728159934,0.6533187101666376,0,1,0,1,Pattern4
0.15477343119974965,0.0,0.10552995709910881,0.07392873229665078,0.051304577496425426,0.01814283190785042,0.0,0.0,0.0,0.3559359653616808,0,0,0,0,Pattern1
0.51904009048844,0.34929753978164757,0.3578097556289818,0.3706879596426004,1.0,0.8862916200321934,0.35635679607527504,0.5838695461846659,0.5689175905796215,0.036112292459540216,1,0,0,1,Pattern3
0.5575411184387022,0.9503752855309457,0.03149678197920569,0.25639984432149554,0.7823355410037686,0.4181831753464431,0.5920347872572828,0.5066268440647669,0.04279373277775678,0.8448386498146384,0,1,0,1,Pattern4
0.05433012640459607,0.0,0.0,0.15386727147280313,0.0,0.021265278897240936,0.0,0.0806261036857094,0.0,0.28176863188966694,0,0,0,0,Pattern1
0.9083481570134618,0.8974307548770311,0.800723950585298,0.9514036681531934,0.9647801817993571,1.0,0.9699273624174097,0.8876823806832548,1.0,0.7206632262332753,1,1,1,1,Pattern2
0.8810981685068492,0.47579421803607,0.14985090628788655,0.012128555137752128,0.5565974565886974,0.628177084638591,0.8035771876160818,0.5150443638631709,0.13685528329650687,0.2592626907692098,1,1,1,1,Pattern4
0.9853784132764907,1.0,0.9903536353440373,0.7834273950344299,1.0,1.0,0.7462298817476729,0.8394066965034418,0.9818130506476581,0.7713630936063396,1,1,1,1,Pattern2
0.8905016972369341,1.0,0.7799837225160129,0.876483653879905,1.0,1.0,0.9235116740848369,0.9005735798121156,1.0,1.0,1,1,1,1,Pattern2
0.09772417203754992,0.06560483096225088,0.0,0.10059374380077549,0.09269497689572881,0.26806343918546494,0.0,0.0983547303918128,0.2252692074432792,0.10144580196520367,0,0,0,0,Pattern1
0.36111236518336975,0.265593539340498,0.7070157271354844,0.5079294572965486,0.925394107767564,0.9499598015899237,0.4933396731075498,0.5186248522264442,0.2966394788904622,0.0,0,1,1,0,Pattern3
1.0,0.9413516273475131,0.9430844021698873,0.9619951780579254,0.8691510070082027,0.7558484770014581,0.91130067115093,1.0,0.911125836360999,0.9107116245917481,1,1,1,1,Pattern2
0.0,0.06413225716099469,0.0,0.06684730198602934,0.08851549366374177,0.2533697064857674,0.0,0.08781298592120165,0.1464225916258913,0.14891769923480513,0,0,0,0,Pattern1
0.009741000761721456,0.0048979651222858245,0.0,0.0,0.07453940945727305,0.03898182981975242,0.03775846199694557,0.014242658964220375,0.09912836112878504,0.0,0,0,0,0,Pattern1
0.0,0.1514341960330432,0.2735821557755948,0.0,0.046960014294106116,0.2585632436533827,0.06198060962709922,0.05006850879906363,0.1583982756993155,0.0,0,0,0,0,Pattern1
0.28815581214581154,0.3835635391498772,0.6805523454865855,0.7480544671810705,1.0,0.9351798652950031,0.24528296098751712,0.5317443406109582,0.819750452673177,0.006339031709292849,1,1,1,0,Pattern3
0.3152355564328582,0.6085299618657958,0.517795440254098,0.41109007864093267,0.9955396270986063,1.0,0.09441980479210704,0.5448164534704311,0.46901685164133944,0.15805714901623782,0,1,0,1,Pattern3
0.8835166753250543,1.0,0.9681631657883446,0.8729111115955802,0.8246182703138014,0.8726755703381314,1.0,0.7750028999334113,0.8034321489858648,0.9231742123091313,1,1,1,1,Pattern2
0.41499314767447315,0.9210461753631966,0.35800599950591805,0.7665717630129277,0.034517745565351365,0.5377663199727815,0.8911330393071603,0.8401904569352121,0.8752843059622938,0.6177383485940484,1,0,0,0,Pattern4
0.0,0.0,0.0,0.0,0.10833673055111166,0.017327391126665592,0.17342659204075303,0.0,0.0,0.20531840949604252,0,0,0,0,Pattern1
0.7547827724167018,0.7722405833280079,0.24573857637060736,0.8263770170474692,0.6186000657972115,0.7009871366608098,0.5915245287008641,0.6303691917126646,0.6728667441259545,0.9766686136712135,1,1,1,0,Pattern4
1.0,1.0,0.9052235942830742,1.0,0.9024432797073115,1.0,0.9520609461424379,0.8937269263165076,0.8493714973281301,0.9537399373316321,1,1,1,1,Pattern2
0.5320514470125888,0.25721925025209424,0.42452477963303215,0.9111143502460519,0.7740775327082894,1.0,0.3785149394272498,0.6530547581420363,0.6372821207979276,0.10910553111377527,0,0,1,0,Pattern3
0.32379739492409215,0.5905854326984037,0.6780239366737242,0.49081587505998414,0.8664965773906547,1.0,0.7425130554328595,0.6545391717959361,0.6243252604829892,0.025425570279786727,0,0,1,1,Pattern3
0.9421113410831812,0.8554089286644897,0.8480187146756522,0.9301337619862594,0.9375024459245385,0.85414593765216,0.9081108805300518,0.7962281646449932,1.0,0.9423719356953453,1,1,1,1,Pattern2
0.06547942661051387,0.614153097905599,0.39276152848836565,0.7129958258706242,0.37209895601094345,0.5678120031680306,0.5266321231248774,0.860210257697212,0.10739834345724053,0.35905203554065646,0,0,1,0,Pattern4
1.0,1.0,1.0,0.7903076155876909,0.8925921741777588,0.907876941528662,0.8820482115633782,1.0,0.899682832619535,1.0,1,1,1,1,Pattern2
0.11396058741130285,0.14056093318395174,0.0,0.16807924921784162,0.0,0.1415544374440872,0.15493662294288618,0.057058552612017505,0.0,0.0008343838639214701,0,0,0,0,Pattern1
0.8303045447942446,0.8954760468084767,0.945255738000183,1.0,0.7282018898752907,0.939151379914292,0.7586860728646413,0.7811296665955317,0.705344636496593,0.9927758277413643,1,1,1,1,Pattern2
1.0,0.8445282829412013,0.9500984149846194,0.7921687297705075,0.9660665378734481,0.9968340308722918,0.9210792455306742,0.7548006855224161,0.8064337274051837,0.8390827128327946,1,1,1,1,Pattern2
0.240459497796786,0.26045673240604994,0.7632625859102056,0.592835584272221,0.3624735701169607,0.698194609577582,0.1595421761395166,0.1353590651771629,0.8136944600303357,0.3911616497530124,0,1,0,1,Pattern4
0.0,0.0800464171594341,0.11705670424372666,0.0,0.04822927288114158,0.0,0.09184178088418149,0.0,0.07664894807399804,0.14872537391799825,0,0,0,0,Pattern1
0.6992422677672961,0.5668317466658027,0.5434107521935649,0.29701374537642344,1.0,1.0,0.7265936295659585,0.2513670860910763,0.3863416761344754,0.07578370017306679,0,0,0,0,Pattern3
0.7112032575303914,0.2937529277188021,0.7473796524580091,0.1973231803403065,0.0603303603371369,0.655375874716949,0.419721774687152,0.9893305417499634,0.4464508589326439,0.5942127609413876,0,1,0,1,Pattern4
0.1115332371368423,0.0,0.12927737679428325,0.04082448565565098,0.0,0.0,0.0,0.02425635866516391,0.0925551364524031,0.10714728094723441,0,0,0,0,Pattern1
0.5168897956984364,0.7070167679635387,0.3149384563968923,0.4467148212250349,0.9770602367963375,0.7768875691598721,0.714262029923235,0.48186035179868403,0.3317321041260998,0.02563849320578212,1,0,0,1,Pattern3
0.0,0.09792989474614396,0.12236948297110233,0.07020808595258493,0.16063692908220112,0.12290775905558449,0.12880737855223184,0.10328570857618032,0.0,0.18793826334078834,0,0,0,0,Pattern1
0.8907384023551229,0.960045590103727,0.9209501620745051,1.0,0.5989850831778419,0.9309842071406563,0.8015466320366015,0.826489963295379,0.971812475015543,0.7314096971304243,1,1,1,1,Pattern2
0.0,0.24130749473192264,0.1275909881757244,0.058292842449685356,0.19019446695690978,0.0,0.024847490142777644,0.0,0.06471780906238275,0.03743483434661735,0,0,0,0,Pattern1
0.6824519431120053,0.1996327162410635,0.6919745816821716,0.6669418000971546,0.8268261679715979,0.5721800887362369,0.08690114321313558,0.45097278257124584,0.35730647018572836,0.7993237375750291,0,1,0,1,Pattern4
0.5809936762284236,0.7231532880433582,0.9101928918609726,0.19339174969790107,0.8364106189349083,0.5650537937860248,0.7871291779073697,0.39414142739492664,0.16406442368959695,0.48240541106575663,0,1,0,0,Pattern4
0.6211010700493306,0.33047114498713015,0.7849944271235086,0.48381974533085015,0.3587254964507274,0.09437580940006796,0.7181830339107831,0.3072609222454433,0.39360372288059353,0.42981129246785577,0,1,1,1,Pattern4
1.0,0.927685104115816,1.0,0.9716522504212941,1.0,0.7625201770328436,0.9095929944884817,0.7622783373881283,0.9761441522314747,0.8363738928567404,1,1,1,1,Pattern2
0.51118004154948,0.6708956542866245,0.6066195289863564,0.2928259252705169,0.9452070229628422,0.9493135232160962,0.3694681509558134,0.588840775635965,0.6541520303628828,0.13690423669696297,1,1,1,0,Pattern3
0.4165057964144512,0.951551703593345,0.18530553610788358,0.8103993708384164,0.4160166792078407,0.5089198006682479,0.7405229035611488,0.30011845865299913,0.5222008380027607,0.38837074076910905,0,0,0,0,Pattern4
0.23027864332292303,0.32116497945685707,0.7851990382849282,0.9359347059450628,0.0025088617990179918,0.3655628429896449,0.4689584460191871,0.5753311742424857,0.2576973303150083,0.5158064347373493,1,0,1,0,Pattern4
0.44193436653182205,0.6299106761002955,0.2257574433442398,0.2934473634194377,0.9358341636231591,0.8186871565633285,0.5290246024284584,0.4371834522954627,0.5594304756799875,0.0,0,0,1,1,Pattern3
0.8912669138972784,1.0,0.5648885276350148,0.8053566283024234,0.8676979001304996,0.8510258112615435,0.8661539788918334,0.8900725464549077,0.938036638395221,0.8458425348470541,1,1,1,1,Pattern2
0.9867648848503755,1.0,0.6714298189290673,1.0,0.9181751007477965,0.8774079835972677,1.0,1.0,1.0,0.7786825142675111,1,1,1,1,Pattern2
0.8970784326515557,1.0,0.9190129444249955,0.9759120081274832,1.0,0.8195115632475514,0.7991444771082657,1.0,0.6582830960209761,0.7384062795748474,1,1,1,1,Pattern2
0.7240982558214925,0.7001248290431642,0.3365733064922945,0.46617259283595325,0.9706784802454476,0.952392860457882,0.5569633623569126,0.4214848779732548,0.3695317875858776,0.01329653092290653,0,1,1,1,Pattern3
0.14259341486589172,0.42590901870030795,0.11025484281112763,0.0928210303515693,0.6572535004129704,0.6245313122031488,0.21184034591595435,0.6299862375646484,0.5486827380716709,0.06127851904055914,1,0,0,1,Pattern4
0.5631147928368463,0.579829825161538,0.6909200503284398,0.7057767612473256,0.9863120960639306,0.9084108731883509,0.4784521062993526,0.5302142930736765,0.3439748308901154,0.10147280216361587,0,0,1,0,Pattern3
0.20440215176808052,0.955757910048375,0.0031519011983366374,0.578656384120015,0.9495751142413353,0.5998866106879804,0.10967916838021052,0.6846899764172034,0.17368737169950155,0.20249611455107763,0,0,1,0,Pattern4
0.6745184974099068,0.8263059241688497,0.8505832669530139,0.05113068701511492,0.2442851893532264,0.46473526180270086,0.20344844428737752,0.8313513060641169,0.27626229398202684,0.14275895905442437,1,1,1,0,Pattern4
0.21157294026312948,0.36503127058613843,0.6952869806241928,0.4164583749305123,0.8458233262538422,0.8770112338884546,0.5815373641086096,0.3310199501418772,0.2626992766728361,0.0,1,1,1,0,Pattern3
0.42005119125165524,0.7650788942867505,0.5545854831390379,0.454627285359375,1.0,0.8962349359223283,0.5002482479578209,0.4942429169927771,0.5711574560152091,0.018560037086267446,0,0,0,0,Pattern3
0.5297461879617086,0.715191720649565,0.300675528240295,0.4367737701482775,0.9982568472021758,0.7739397857200403,0.5825150476696015,0.6361557185137812,0.45062414628758457,0.056145553330762626,0,1,0,1,Pattern3
1.0,0.8770435853476521,0.9504245673192125,1.0,0.8489078861723552,1.0,1.0,0.8768789958000824,0.8909995248261742,0.7674587258711486,1,1,1,1,Pattern2
0.7474022308062478,0.9474627779722601,1.0,0.7308595129980879,0.9167479307070271,1.0,1.0,0.9418568670779407,0.8803044377724003,0.9032940069714657,1,1,1,1,Pattern2
0.0,0.03358643531091324,0.0,0.07509564936953747,0.0501135964100443,0.2695686515394006,0.0391268835203915,0.0,0.0,0.1594345184342434,0,0,0,0,Pattern1
0.9586014334221425,0.9718292677065131,0.8015849815756095,0.7115647948455959,0.7715076570477526,1.0,0.8571950653597227,1.0,1.0,0.8579018805478147,1,1,1,1,Pattern2
0.8872796659910708,0.3964255338738749,0.31459616674898105,0.11029792545402106,0.1900316067751049,0.4833276046149,0.7501861142471157,0.20747022183931518,0.08345284650204965,0.940844650203165,0,1,0,0,Pattern4
1.0,0.950041472584119,1.0,0.8550297812227042,0.8066840051494286,0.6778243359672683,0.8763817533421511,0.805641925033144,0.66530919313672,1.0,1,1,1,1,Pattern2
0.6940273530224426,0.55959144593075,0.7346495316025966,0.6696331596363005,1.0,0.9272093037571892,0.6920674266617781,0.27451206420582025,0.3522975919293227,0.12705480642730763,0,0,1,0,Pattern3
0.6326581829929452,0.4312264702548876,0.30889845889233225,0.6109325915115087,1.0,0.9523919857324997,0.48675507259887973,0.41448751931259065,0.6470260759048291,0.018327972082267656,1,0,1,0,Pattern3
0.07270520290610472,0.0,0.1386500949037076,0.12384863155328743,0.03248642781609717,0.0,0.11499694575306912,0.0,0.08880480725584358,0.0,0,0,0,0,Pattern1
0.22303725944321762,0.06331905798061181,0.0,0.0,0.0,0.058700239778332323,0.0,0.0,0.0,0.05944471730964951,0,0,0,0,Pattern1
0.708156342104943,0.35674290875975534,0.6670105540171357,0.12720967328730903,0.041235340213131355,0.16153339582121917,0.7142441233397355,0.6055433809456692,0.457193321532098,0.4997906613988854,0,0,0,1,Pattern4
0.0,0.0,0.0,0.030753818762141567,0.022045798399363062,0.0,0.20527281581151996,0.008772359241474209,0.02219212121781823,0.07158428603391911,0,0,0,0,Pattern1
0.022445667937336933,0.9167714026069905,0.7588465377013996,0.9269070235302177,0.919935163552183,0.40038385852796066,0.9728179216144407,0.911796167788829,0.47178939521272156,0.975457358747947,0,1,1,0,Pattern4
0.7316341916444811,0.7758161775897565,0.8374899672660603,0.150033637181486,0.5641575608146602,0.19434453923557715,0.8531538047538293,0.6582022212749105,0.10656086332167913,0.1573842422267855,1,0,1,0,Pattern4
0.05096441720198489,0.0,0.004239967089943036,0.0,0.0,0.15655738009613715,0.26745926367301776,0.14523064569680988,0.08093407031002998,0.03538921182333514,0,0,0,0,Pattern1
0.8627166634966953,0.7016282846597727,0.1602479477364983,0.5778984418826992,0.5546653714474203,0.7405171236201826,0.6476541277290944,0.6451043919716823,0.20040535685015393,0.46064879106642376,0,1,0,0,Pattern4
0.0,0.031336988668664134,0.05765422820739685,0.0,0.023932139659331407,0.0,0.025718697046044153,0.049483016122323475,0.0,0.20344036576635455,0,0,0,0,Pattern1
0.8639984593983956,0.9293819139428174,0.8792692082509442,0.9347642871828463,1.0,0.7380779983908575,0.9037238084466801,0.9231092859061398,0.7344411413497014,0.9580625122834812,1,1,1,1,Pattern2
0.003542552762258462,0.09281683426294014,0.0,0.0,0.0,0.08693593340446981,0.09006461273979603,0.0,0.15036141026853173,0.0,0,0,0,0,Pattern1
0.46157420367637325,0.693012218163879,0.38605315853985167,0.823603001193149,1.0,1.0,0.26836287972565737,0.40932748813483283,0.5733521846971915,0.131870595654266,0,1,0,1,Pattern3
0.735512645024675,0.55357087818614,0.877137544483684,0.10446781487516965,0.5757554348273751,0.4012123419611553,0.354509212924389,0.18408489965533836,0.8509135575420753,0.1566454641611077,0,1,0,0,Pattern4
0.3546531486729102,0.6368182339049298,0.6097346981202796,0.6185399525842707,0.948101639241403,1.0,0.4895924574163072,0.6547895099185682,0.5609954425637703,0.008165528311657552,0,1,0,0,Pattern3
0.016043697397674278,0.14074823691946597,0.11414209738841655,0.15692610051248823,0.04263904762571491,0.0,0.0,0.0,0.07077351183391463,0.027193830561884347,0,0,0,0,Pattern1
0.6787293069959545,0.31422878992775577,0.40115073369709997,0.598974646770455,0.8790383909830938,0.988148524810716,0.5396225544449198,0.5806173686972486,0.7307931283820182,0.011437323611760978,1,0,1,0,Pattern3
0.8140851596161501,0.8871109886456259,0.004017348125573861,0.6947011061658216,0.8417185997604814,0.6390324570070108,0.7911987309387006,0.07467279098490165,0.9921304119163148,0.5624060836092096,1,0,1,1,Pattern4
0.0,0.08455359455088826,0.07348138623254491,0.18843279859065656,0.0,0.0,0.0,0.0,0.21020370652866074,0.08464260504325591,0,0,0,0,Pattern1
0.54523209150302,0.3738651373973243,0.34322181010479497,0.6658943598863815,0.8822621525669375,0.8749971468471179,0.5319189447552519,0.5868238835907159,0.625018352965816,0.2224577573024381,0,1,0,1,Pattern3
0.5401260487536245,0.5276382959029288,0.6425227005596444,0.48397210801210017,0.9084770076129188,0.96802983661263,0.482782906258367,0.4981878931512177,0.47973170590069125,0.12245506277965895,0,0,0,0,Pattern3
0.7441739897619786,1.0,1.0,1.0,0.8330177041164744,1.0,0.9284776294134722,0.8100327148238864,0.8474173295317055,1.0,1,1,1,1,Pattern2
0.12026425538338006,0.19619729924147689,0.2642585979968898,0.018601863300542223,0.022009634105129013,0.0,0.17173657115499474,0.25136111954414575,0.005072571681881648,0.06646551168572332,0,0,0,0,Pattern1
0.44982267930185565,0.32115308585070945,0.4374704317087715,0.4193213840080298,1.0,1.0,0.6359488636191923,0.4626193148232566,0.697437675286886,0.0830063485830784,0,1,0,1,Pattern3
0.12072636054187619,0.2217421289454206,0.26228523270987625,0.0,0.01390293500388543,0.0,0.0,0.01483158247405452,0.0,0.0,0,0,0,0,Pattern1
0.3718358425859959,0.7567078880053889,0.9820657883889631,0.04113314402655244,0.9801704713713574,0.06978248589994829,0.921375340104606,0.6595944408764656,0.9442513870314808,0.6871199386118263,0,0,0,0,Pattern4
0.26041860942722406,0.3955631190181462,0.47187848527359033,0.5861157404676727,1.0,0.9456409127179572,0.4128751890104939,0.4437792088451579,0.6136844275423364,0.17264114688904628,0,0,1,0,Pattern3
1.0,0.9464707113774393,0.9935689401396262,0.9439966112719613,0.7454046935684264,0.9245382800714766,0.8373774399263205,0.8762371596547728,1.0,0.9532063578620344,1,1,1,1,Pattern2
0.5320400942052873,0.8274007343569719,0.5923204074309106,0.615690250205187,1.0,0.9092947087550574,0.6454126726733552,0.7387222524178345,0.43050258045020245,0.0006243071874068359,0,1,1,1,Pattern3
0.8652012653067376,0.7818139744095735,0.15223190877522674,0.5001099614071969,0.7166154567732465,0.5133181071719539,0.118205345459786,0.4288637881795364,0.3166303069072607,0.6566858979756298,0,1,0,0,Pattern4
1.0,1.0,0.8393443329149232,0.9831433783395049,0.8309618436725408,1.0,0.9020508588939326,0.849097583496149,0.9334483006666998,0.9936889080978172,1,1,1,1,Pattern2
0.3109098376892242,0.4142217010163394,0.811520496746907,0.26694957707236266,0.9105227410106659,0.8433143243609688,0.46131173983337315,0.5828697877215379,0.4338206511245432,0.04953576885024852,0,1,0,1,Pattern3
0.04967170666348253,0.955605883665205,0.957673330044647,0.060106885566617585,0.18477665887237193,0.11712043614071832,0.8678597892086347,0.49555756015091523,0.5203456551493826,0.6923011677454556,1,1,0,1,Pattern4
0.32613803212233416,0.49493288736835306,0.5460518244569634,0.43481380318004226,1.0,1.0,0.6886094509530624,0.5642343538636152,0.5742675623869118,0.10438744111341325,1,0,0,1,Pattern3
1.0,0.8039395367214501,0.7443944777448264,0.8996650875820679,0.8489815216225475,0.9659032128492464,1.0,1.0,0.865611671566574,0.9605662902582487,1,1,1,1,Pattern2
0.01946260642965377,0.10875407252275784,0.16348977953046437,0.1983418190367502,0.05050743609582006,0.0,0.05120107003759283,0.0,0.08140899563709922,0.033550954482627654,0,0,0,0,Pattern1
0.35079342325403956,0.5094755995315208,0.31239624713105946,0.19068400686965925,0.8669982764625184,1.0,0.6540827068645831,0.5922032232513783,0.7208612110919485,0.15382947449502027,0,1,0,0,Pattern3
0.06656311272688684,0.005875787119814171,0.17087641755596966,0.029793183907921447,0.08479788958572669,0.037639194396705246,0.024917687117233862,0.09404380296627504,0.09176365794459257,0.0,0,0,0,0,Pattern1
0.014444694973673289,0.696298345474031,0.09487801131865548,0.36329073130745015,0.4788021623021881,0.338210159289415,0.09547162144846144,0.5880507502426793,0.8773022825852842,0.1983480061107079,1,1,0,0,Pattern4
0.8830392009157403,0.8480847830829722,0.7633840051959642,0.9803554640459268,1.0,0.5866049799333464,0.9051039752222769,0.8357042776026475,0.8973162999656747,0.8367253418503283,1,1,1,1,Pattern2
0.9910503411402444,0.6166120054895355,0.2657111877828965,0.40892779365064624,0.577509355396039,0.6211493579330147,0.8465972492290682,0.8649940889155933,0.3482288890194598,0.4058789904302662,0,1,1,0,Pattern4
0.9081537242227034,0.9566967005950233,0.720592278325423,0.9051569778575626,0.8225683612679161,0.9487249213532708,0.8572419550028791,0.9816758137219036,0.9583736619511479,0.9615670282778835,1,1,1,1,Pattern2
0.3328927726650377,0.562609879075094,0.07256633536858126,0.7259276321696057,0.23539161723590207,0.5315618645112833,0.902493565160194,0.6544275987109319,0.6760612490603514,0.3967584847831803,1,1,1,0,Pattern4
1.0,0.9559095517854982,1.0,0.8816907970105116,0.9788238353682236,0.9484337429954273,0.9972677278479783,1.0,0.8712913822275705,0.8259490751156057,1,1,1,1,Pattern2
0.9328081850217826,1.0,0.9036393394491048,1.0,0.9261491118769944,0.784684759437031,0.755979684062048,0.9170738633780562,0.9567502648074879,0.7063318931570748,1,1,1,1,Pattern2
0.011206627507700788,0.17330403270542807,0.02769900424545868,0.11791593119119011,0.11687140001945173,0.10659336154345392,0.0,0.08267633324682042,0.0,0.0,0,0,0,0,Pattern1
0.0,0.0,0.15256474499419564,0.16136094757660807,0.31688814622693534,0.21349293135418473,0.0,0.09957739464974324,0.0,0.17798800468181905,0,0,0,0,Pattern1
0.3962593929607124,0.5405457426955549,0.20216255065231464,0.3168152598771437,0.9199067480722903,0.8930788316604419,0.6829071796265628,0.5358736422996521,0.6634585206187603,0.2742374663129764,0,1,1,0,Pattern3
0.90937655188269,0.9605691440665581,0.888625785432628,0.9340607009592002,0.8666917342411216,1.0,0.9396634317023438,1.0,0.9201922122461766,0.9050972357417453,1,1,1,1,Pattern2
0.6083904975311487,0.7347653263199712,0.24050416203243186,0.5846643140236923,0.7386591244892267,0.8670003654643715,0.4619373191267948,0.5941795209958998,0.3077489206023469,0.009158379703668248,1,0,1,1,Pattern3
0.04461768463387454,0.0,0.0,0.2850307552131708,0.0,0.1747030783212055,0.07886532012982421,0.04684520590957739,0.2211972512553405,0.08056559642008758,0,0,0,0,Pattern1
0.612534406469015,0.5064762806600077,0.3824624720402151,0.4661085092398892,0.9821566167872058,0.9396680823791681,0.2995893341023217,0.37187925963182017,0.4081734747942052,0.0,1,1,1,0,Pattern3
0.7666649599292167,0.2995711315061025,0.7557324657582685,0.1937027877399049,0.721402770041573,0.18257799636776761,0.5846614834585168,0.41657398662334233,0.919284925376813,0.9166605055407804,0,1,0,0,Pattern4
1.0,1.0,0.7299710285927284,0.9628440319397293,0.8762157884313195,0.6300328768073856,0.8815269109581821,0.8219208969431188,1.0,0.8209759285957335,1,1,1,1,Pattern2
0.44514160252840823,0.6474363464870406,0.2891212774812889,0.7320137287009041,0.9891304095386473,0.9421544628100894,0.5692269272391253,0.6941626304951369,0.6541454110847161,0.0,1,1,1,0,Pattern3
0.3176203145171125,0.928837072263531,0.4997743267204303,0.48560159962616867,0.647422053932767,0.1496060079053393,0.8087720507477166,0.21927170633908,0.015707446201088326,0.3388997011913282,1,0,0,1,Pattern4
0.9000429986839843,0.9163423643736401,0.890461106301448,1.0,0.66194726011015,0.9680163269047608,1.0,0.9749124710006762,1.0,1.0,1,1,1,1,Pattern2
0.7036334492420789,0.37278398111184663,0.7398645811476722,0.5618961773215824,0.17900595872114966,0.9635185123398388,0.970966387230366,0.17500861820204217,0.2757274592359533,0.9079732034341977,0,0,1,1,Pattern4
0.33289409211058374,0.4822192285125495,0.39115515030275794,0.5099231091908447,0.6884319847114098,0.8451692654239076,0.18091779240978934,0.4584095359238429,0.300415756033953,0.115613614258354,0,1,0,1,Pattern3
0.8877651748979649,0.07756618410909999,0.36442785469321903,0.8068656380779269,0.13599379128490163,0.04267635012022186,0.013933074345799268,0.27088907569073106,0.7757359578672453,0.591504857164903,0,0,0,0,Pattern4
0.5979297827830651,0.4590700433768398,0.3551029178652729,0.5416485256325874,0.8641353803441998,0.9486233338714976,0.5697091011920185,0.33801129603307356,0.38973675103641614,0.0,0,0,1,0,Pattern3
0.7764634357303274,0.6342130620264432,0.793555290291028,0.5137999455582162,0.9584564273404284,1.0,0.22567390113666883,0.6532580711926245,0.1260213788961263,0.07937114402102127,1,1,0,1,Pattern3
0.4396572113207592,0.36453380491384113,0.5476706360636168,0.6894150270262455,0.9653417224609575,0.7638140719335862,0.4029268222692687,0.4704138664661553,0.4095559094092489,0.0,1,1,0,1,Pattern3
0.956576266314851,1.0,0.9453174143478374,0.9176289512311049,0.7810657069539729,0.8705062712422662,0.8988984256937561,1.0,0.874177187012518,1.0,1,1,1,1,Pattern2
0.9986372031240706,1.0,0.9236970585705455,0.9318359056944895,0.9787707835897886,0.6996700975484311,0.878688932741438,0.9173902390483435,0.8429369070188855,0.8445105142465346,1,1,1,1,Pattern2
0.8846637490542992,0.8161014981448722,0.9260918808619196,0.7887460343904077,0.6354758333192079,1.0,0.8880722591183956,0.9705340817726396,0.9058080945074886,0.8674771160901232,1,1,1,1,Pattern2
0.626933929634004,0.30663125861206375,0.6702646513061041,0.5272359609062813,1.0,1.0,0.41053189037917226,0.25046534836699846,0.27918322099385495,0.0,0,0,1,0,Pattern3
0.17969171029112044,0.0,0.051333476961618565,0.1386309346204353,0.001959467663630178,0.047156125181253825,0.016735558396959945,0.08118672681810596,0.0,0.0786092573245189,0,0,0,0,Pattern1
0.38446725623211664,0.4694602464886113,0.3343111846462934,0.6740940213838139,1.0,1.0,0.4263868097680697,0.48975337412112674,0.6480785652461472,0.0,1,1,0,0,Pattern3
0.13476368415652903,0.12564429207564992,0.0,0.0,0.027117640708100382,0.10155914714306993,0.0052823246650259914,0.0992186667054072,0.08355394381320919,0.0,0,0,0,0,Pattern1
0.5426398924369369,0.1919011824666409,0.3440085255446438,0.12217216789815044,0.8900930767495913,0.3181892810177547,0.49497081035693413,0.8978028884635529,0.27914743314116475,0.8916520797274331,0,1,1,0,Pattern4
0.41133121465185546,0.4468516536525622,0.2556751974281548,0.4487281636450273,0.9643702967496464,0.9264190330689536,0.5395000258595974,0.3135306318374376,0.5653305643613848,0.0,0,1,1,1,Pattern3
1.0,1.0,0.7709641205803084,0.9322143183455562,0.7818372767342825,0.9896561822268932,0.6881345928724113,0.9925921152022807,0.8314046225122053,1.0,1,1,1,1,Pattern2
0.3513543757812029,0.08788767660903718,0.4163803088441116,0.8618806588657483,0.8153381231687542,0.695234745368283,0.5504919062417266,0.645225492526812,0.2060249757574446,0.6090919313516827,0,1,1,1,Pattern4
0.1621499406559042,0.0,0.22276674460455548,0.03009868050906938,0.2093140979281406,0.0,0.11206915313643687,0.0,0.01189798249777147,0.3194551355022617,0,0,0,0,Pattern1
0.37997515903393586,0.46967273511626584,0.9053129471744368,0.949725058833404,0.8576582455884003,0.5566443443900048,0.466991303388792,0.455169496354876,0.024136802285086856,0.8170135858760174,0,1,0,0,Pattern4
0.201031473220198,0.1914132689582037,0.20257844230287558,0.03511229856521868,0.011327573373627548,0.0,0.16979214491105155,0.10413443735907457,0.0,0.016890483742344656,0,0,0,0,Pattern1
1.0,0.6643965479487344,0.8875422408511076,0.8639054307715999,0.9542238731668882,0.8874296443115574,0.8663555419630322,0.9987328797717522,0.6910061629878745,0.8263938856350453,1,1,1,1,Pattern2
0.1027096862290423,0.0457409898418951,0.0,0.16648421691405313,0.0,0.02559645466079148,0.050952283734993845,0.05161074425914563,0.0,0.0,0,0,0,0,Pattern1
0.0,0.1353793500384034,0.01731931935031466,0.07397323930026589,0.14092423474757593,0.0,0.0,0.0,0.03137317770961524,0.10424154390041239,0,0,0,0,Pattern1
0.4880104982026897,0.3601923813848544,0.5708836691250914,0.544922544749354,0.7719169101724016,1.0,0.4619850794938764,0.5874844987182626,0.6686695329931999,0.0,0,0,0,0,Pattern3
0.5954543302580718,0.520806630639991,0.4191966715795072,0.6798800729879995,0.854836312972187,0.9052040554376849,0.6910419054631229,0.49928816592344727,0.4538193541888213,0.0670735496329558,1,0,1,1,Pattern3
0.8551453130118869,0.9244520047124578,0.8298217048634454,0.1949274655143053,0.789923146579258,0.46085828781077853,0.15455766687068584,0.5063402250740486,0.5173263945220101,0.09269457670567449,0,0,0,1,Pattern4
0.0,0.0,0.0,0.1560981393344955,0.044919751108540726,0.05388025526479152,0.12835813157628495,0.0,0.0,0.0017811248572188812,0,0,0,0,Pattern1
